-- phpMyAdmin SQL Dump
-- version 4.7.4
-- https://www.phpmyadmin.net/
--
-- Host: 127.0.0.1
-- Generation Time: Jan 20, 2025 at 11:50 AM
-- Server version: 10.1.28-MariaDB
-- PHP Version: 7.1.10

SET SQL_MODE = "NO_AUTO_VALUE_ON_ZERO";
SET AUTOCOMMIT = 0;
START TRANSACTION;
SET time_zone = "+00:00";


/*!40101 SET @OLD_CHARACTER_SET_CLIENT=@@CHARACTER_SET_CLIENT */;
/*!40101 SET @OLD_CHARACTER_SET_RESULTS=@@CHARACTER_SET_RESULTS */;
/*!40101 SET @OLD_COLLATION_CONNECTION=@@COLLATION_CONNECTION */;
/*!40101 SET NAMES utf8mb4 */;

--
-- Database: `abcd`
--

-- --------------------------------------------------------

--
-- Table structure for table `acc`
--

CREATE TABLE `acc` (
  `id` int(5) NOT NULL,
  `date` varchar(20) NOT NULL,
  `typ` int(1) NOT NULL,
  `action` varchar(50) NOT NULL,
  `detail` varchar(50) NOT NULL,
  `uid` int(5) NOT NULL,
  `status` int(1) NOT NULL DEFAULT '1'
) ENGINE=InnoDB DEFAULT CHARSET=utf8;

--
-- Dumping data for table `acc`
--

INSERT INTO `acc` (`id`, `date`, `typ`, `action`, `detail`, `uid`, `status`) VALUES
(1, '2024-10-29', 3, 'Purcahse', 'Data from Purcahse Rec#1', 1, 1),
(2, '2024-10-29', 3, 'Purcahse', 'Data from Purcahse Rec#2', 1, 1),
(3, '2024-10-29', 3, 'Purcahse', 'Data from Purcahse Rec#3', 1, 1),
(4, '2024-10-29', 4, 'Payment', 'Data from Payment Rec#1', 1, 1),
(5, '2024-10-29', 4, 'Payment', 'Data from Payment Rec#2', 1, 1),
(6, '2024-10-29', 4, 'Payment', 'Data from Payment Rec#3', 1, 1),
(10, '2024-10-29', 5, 'Production', 'Data from Production#1', 1, 1),
(11, '2024-10-29', 5, 'Production', 'Data from Production#2', 1, 1),
(12, '2024-10-29', 3, 'Purcahse', 'Data from Purcahse Rec#4', 1, 1),
(13, '2024-10-29', 4, 'Payment', 'Data from Payment Rec#4', 1, 1),
(14, '2024-10-29', 3, 'Purcahse', 'Data from Purcahse Rec#5', 1, 1),
(15, '2024-10-29', 4, 'Payment', 'Data from Payment Rec#5', 1, 1),
(16, '2024-10-30', 3, 'Purcahse', 'Data from Purcahse Rec#6', 1, 1),
(17, '2024-10-30', 3, 'Purcahse', 'Data from Purcahse Rec#7', 1, 1),
(20, '2024-10-30', 3, 'Production', 'Data from Production#9', 1, 1),
(21, '2024-10-30', 5, 'Production', 'Data from Production#3', 1, 1),
(22, '2024-10-30', 3, 'Production', 'Data from Production#10', 1, 1),
(23, '2024-12-11', 3, 'Production', 'Data from Production#11', 1, 1),
(24, '2024-12-11', 3, 'Purcahse', 'Data from Purcahse Rec#12', 1, 1),
(25, '2025-01-05', 5, 'Production', 'Data from Production#4', 1, 1),
(26, '2025-01-05', 3, 'Purcahse', 'Data from Purcahse Rec#14', 1, 1),
(27, '2025-01-09', 4, 'Payroll', 'Payroll Month#1', 1, 0),
(28, '2025-01-09', 4, 'Payroll', 'Payroll Month#1', 1, 1),
(29, '2025-01-10', 3, 'Purcahse', 'Data from Purcahse Rec#15', 1, 1),
(30, '2025-01-10', 3, 'Purcahse', 'Data from Purcahse Rec#16', 1, 1),
(31, '2025-01-10', 3, 'Purcahse', 'Data from Purcahse Rec#18', 1, 1),
(32, '2025-01-10', 3, 'Purcahse', 'Data from Purcahse Rec#17', 1, 1),
(33, '2025-01-10', 4, 'Payroll', 'Payroll Month#1', 1, 1),
(34, '2025-01-10', 4, 'Payroll', 'Payroll Month#2', 1, 1),
(35, '2025-01-16', 4, 'Payroll', 'Payroll Month#1', 1, 1),
(36, '2025-01-16', 4, 'Payroll', 'Payroll Month#1', 1, 1),
(37, '2025-01-16', 4, 'Payroll', 'Payroll Month#1', 1, 1),
(38, '2025-01-16', 4, 'Payroll', 'Payroll Month#1', 1, 1),
(39, '2025-01-16', 4, 'Payroll', 'Payroll Month#2', 1, 1),
(40, '2025-01-16', 4, 'Payroll', 'Payroll Month#1', 1, 1),
(41, '2025-01-16', 4, 'Payroll', 'Payroll Month#1', 1, 1),
(42, '2025-01-16', 4, 'Payroll', 'Payroll Month#1', 1, 1),
(43, '2025-01-16', 4, 'Payroll', 'Payroll Month#1', 1, 1),
(44, '2025-01-20', 3, 'Purcahse', 'Data from Purcahse Rec#19', 1, 1),
(45, '2025-01-20', 4, 'Payroll', 'Payroll Month#1', 1, 1),
(46, '2025-01-20', 4, 'Payroll', 'Payroll Month#1', 1, 1);

-- --------------------------------------------------------

--
-- Table structure for table `acc_detail`
--

CREATE TABLE `acc_detail` (
  `id` int(5) NOT NULL,
  `acc_id` int(5) NOT NULL,
  `typ_id` int(5) NOT NULL,
  `typ` int(5) NOT NULL,
  `value` decimal(10,2) NOT NULL,
  `detail` varchar(50) NOT NULL,
  `status` int(1) NOT NULL DEFAULT '1'
) ENGINE=InnoDB DEFAULT CHARSET=utf8;

--
-- Dumping data for table `acc_detail`
--

INSERT INTO `acc_detail` (`id`, `acc_id`, `typ_id`, `typ`, `value`, `detail`, `status`) VALUES
(1, 1, 8, 1, '49000.00', '', 1),
(2, 1, 9, 2, '49000.00', '', 0),
(3, 2, 8, 1, '54000.00', '', 1),
(4, 2, 9, 2, '54000.00', '', 1),
(5, 3, 8, 1, '48300.00', '', 1),
(6, 3, 9, 2, '48300.00', '', 1),
(7, 4, 9, 1, '49000.00', '', 1),
(8, 4, 7, 2, '49000.00', '', 1),
(9, 5, 9, 1, '54000.00', '', 1),
(10, 5, 7, 2, '54000.00', '', 1),
(11, 6, 9, 1, '48300.00', '', 1),
(12, 6, 7, 2, '48300.00', '', 1),
(22, 10, 10, 1, '47900.00', '', 1),
(23, 10, 8, 2, '47900.00', '', 1),
(24, 11, 10, 1, '50400.00', '', 1),
(25, 11, 8, 2, '50400.00', '', 1),
(26, 12, 8, 1, '5500.00', '', 1),
(27, 12, 9, 2, '5500.00', '', 1),
(28, 13, 9, 1, '5500.00', '', 1),
(29, 13, 7, 2, '5500.00', '', 1),
(30, 14, 8, 1, '1000.00', '', 1),
(31, 14, 9, 2, '1000.00', '', 1),
(32, 15, 9, 1, '1000.00', '', 1),
(33, 15, 6, 2, '1000.00', '', 1),
(34, 16, 8, 1, '50000.00', '', 1),
(35, 16, 9, 2, '50000.00', '', 1),
(36, 17, 8, 1, '1000.00', '', 1),
(37, 17, 9, 2, '1000.00', '', 1),
(42, 20, 11, 1, '48000.00', '', 1),
(43, 20, 10, 2, '48000.00', '', 1),
(44, 21, 10, 1, '5800.00', '', 1),
(45, 21, 8, 2, '5800.00', '', 1),
(46, 22, 11, 1, '12000.00', '', 1),
(47, 22, 10, 2, '12000.00', '', 1),
(48, 23, 11, 1, '3600.00', '', 1),
(49, 23, 10, 2, '3600.00', '', 1),
(50, 24, 8, 1, '10000.00', '', 1),
(51, 24, 9, 2, '10000.00', '', 1),
(52, 1, 1, 2, '49000.00', '', 1),
(53, 25, 10, 1, '600.00', '', 1),
(54, 25, 8, 2, '600.00', '', 1),
(55, 26, 8, 1, '0.00', '', 1),
(56, 26, 9, 2, '0.00', '', 1),
(57, 27, 12, 1, '36120.00', '1', 1),
(58, 27, 12, 1, '30120.00', '2', 1),
(59, 27, 12, 1, '32750.00', '3', 1),
(60, 27, 12, 1, '29870.00', '4', 1),
(61, 27, 12, 1, '29540.00', '5', 1),
(62, 27, 12, 1, '25600.00', '6', 1),
(63, 27, 12, 1, '24510.00', '7', 1),
(64, 27, 12, 1, '23590.00', '8', 1),
(65, 27, 12, 1, '26980.00', '9', 1),
(66, 27, 10, 2, '26980.00', 'Payroll Month#1', 1),
(67, 28, 12, 1, '35120.00', 'Salary Employee ID#1', 1),
(68, 28, 12, 1, '33120.00', 'Salary Employee ID#2', 1),
(69, 28, 12, 1, '32750.00', 'Salary Employee ID#3', 1),
(70, 28, 12, 1, '29870.00', 'Salary Employee ID#4', 1),
(71, 28, 12, 1, '29540.00', 'Salary Employee ID#5', 1),
(72, 28, 12, 1, '25600.00', 'Salary Employee ID#6', 1),
(73, 28, 12, 1, '24510.00', 'Salary Employee ID#7', 1),
(74, 28, 12, 1, '23590.00', 'Salary Employee ID#8', 1),
(75, 28, 12, 1, '26980.00', 'Salary Employee ID#9', 1),
(76, 28, 10, 2, '26980.00', 'Payroll Month#1', 1),
(77, 29, 8, 1, '1500.00', '', 1),
(78, 29, 9, 2, '1500.00', '', 1),
(79, 30, 8, 1, '6000.00', '', 1),
(80, 30, 9, 2, '6000.00', '', 1),
(81, 31, 8, 1, '53000.00', '', 1),
(82, 31, 9, 2, '53000.00', '', 1),
(83, 32, 8, 1, '11500.00', '', 1),
(84, 32, 9, 2, '11500.00', '', 1),
(85, 33, 12, 1, '35120.00', 'Salary Employee ID#1', 1),
(86, 33, 12, 1, '30120.00', 'Salary Employee ID#2', 1),
(87, 33, 12, 1, '32750.00', 'Salary Employee ID#3', 1),
(88, 33, 12, 1, '29870.00', 'Salary Employee ID#4', 1),
(89, 33, 12, 1, '29540.00', 'Salary Employee ID#5', 1),
(90, 33, 12, 1, '25600.00', 'Salary Employee ID#6', 1),
(91, 33, 12, 1, '24510.00', 'Salary Employee ID#7', 1),
(92, 33, 12, 1, '23590.00', 'Salary Employee ID#8', 1),
(93, 33, 12, 1, '26980.00', 'Salary Employee ID#9', 1),
(94, 33, 10, 2, '258080.00', 'Payroll Month#1', 1),
(95, 34, 12, 1, '35120.00', 'Salary Employee ID#1', 1),
(96, 34, 12, 1, '30120.00', 'Salary Employee ID#2', 1),
(97, 34, 12, 1, '32750.00', 'Salary Employee ID#3', 1),
(98, 34, 12, 1, '29870.00', 'Salary Employee ID#4', 1),
(99, 34, 12, 1, '29540.00', 'Salary Employee ID#5', 1),
(100, 34, 12, 1, '25600.00', 'Salary Employee ID#6', 1),
(101, 34, 12, 1, '24510.00', 'Salary Employee ID#7', 1),
(102, 34, 12, 1, '23590.00', 'Salary Employee ID#8', 1),
(103, 34, 12, 1, '26980.00', 'Salary Employee ID#9', 1),
(104, 34, 10, 2, '258080.00', 'Payroll Month#2', 1),
(105, 35, 10, 2, '0.00', 'Payroll Month#1', 1),
(106, 36, 10, 2, '0.00', 'Payroll Month#1', 1),
(107, 37, 10, 2, '0.00', 'Payroll Month#1', 1),
(108, 38, 10, 2, '0.00', 'Payroll Month#1', 1),
(109, 39, 10, 2, '0.00', 'Payroll Month#2', 1),
(110, 40, 10, 2, '0.00', 'Payroll Month#1', 1),
(111, 41, 10, 2, '0.00', 'Payroll Month#1', 1),
(112, 42, 12, 1, '35120.00', 'Salary Employee ID#1', 1),
(113, 42, 12, 1, '30120.00', 'Salary Employee ID#2', 1),
(114, 42, 12, 1, '32750.00', 'Salary Employee ID#3', 1),
(115, 42, 12, 1, '29870.00', 'Salary Employee ID#4', 1),
(116, 42, 12, 1, '29540.00', 'Salary Employee ID#5', 1),
(117, 42, 12, 1, '25600.00', 'Salary Employee ID#6', 1),
(118, 42, 12, 1, '24510.00', 'Salary Employee ID#7', 1),
(119, 42, 12, 1, '23590.00', 'Salary Employee ID#8', 1),
(120, 42, 12, 1, '26980.00', 'Salary Employee ID#9', 1),
(121, 42, 10, 2, '258080.00', 'Payroll Month#1', 1),
(122, 43, 12, 1, '35200.00', 'Salary Employee ID#1', 1),
(123, 43, 12, 1, '30120.00', 'Salary Employee ID#2', 1),
(124, 43, 12, 1, '32750.00', 'Salary Employee ID#3', 1),
(125, 43, 12, 1, '29870.00', 'Salary Employee ID#4', 1),
(126, 43, 12, 1, '29540.00', 'Salary Employee ID#5', 1),
(127, 43, 12, 1, '25600.00', 'Salary Employee ID#6', 1),
(128, 43, 12, 1, '24510.00', 'Salary Employee ID#7', 1),
(129, 43, 12, 1, '23590.00', 'Salary Employee ID#8', 1),
(130, 43, 12, 1, '26980.00', 'Salary Employee ID#9', 1),
(131, 43, 10, 2, '258160.00', 'Payroll Month#1', 1),
(132, 44, 8, 1, '14025.00', '', 1),
(133, 44, 9, 2, '14025.00', '', 1),
(134, 45, 10, 2, '0.00', 'Payroll Month#1', 1),
(135, 46, 10, 2, '0.00', 'Payroll Month#1', 1);

-- --------------------------------------------------------

--
-- Table structure for table `acc_typ`
--

CREATE TABLE `acc_typ` (
  `id` int(5) NOT NULL,
  `typ` int(1) NOT NULL,
  `root` int(5) NOT NULL,
  `ord` int(5) NOT NULL,
  `name` varchar(50) NOT NULL,
  `detail` varchar(50) NOT NULL,
  `status` int(1) NOT NULL DEFAULT '1'
) ENGINE=InnoDB DEFAULT CHARSET=utf8;

--
-- Dumping data for table `acc_typ`
--

INSERT INTO `acc_typ` (`id`, `typ`, `root`, `ord`, `name`, `detail`, `status`) VALUES
(1, 1, 0, 1, 'สินทรัพย์', '', 1),
(2, 2, 0, 1, 'หนี้สิน', '', 1),
(3, 3, 0, 1, 'ทุน', '', 1),
(4, 4, 0, 1, 'รายรับ', '', 1),
(5, 5, 0, 1, 'ค่าใช้จ่าย', '', 1),
(6, 1, 1, 1, 'เงินสด', '', 1),
(7, 1, 1, 2, 'เงินฝากธนาคาร', '', 1),
(8, 1, 1, 3, 'วัตถุดิบ', '', 1),
(9, 2, 2, 1, 'เจ้าหนี้ - วัตถุดิบ', '', 1),
(10, 1, 1, 4, 'สินค้าระหว่างผลิต', '', 1),
(11, 1, 1, 5, 'สินค้าสำเร็จรูป', '', 1),
(12, 5, 5, 2, 'เงินเดือนพนักงาน', '', 1),
(13, 1, 1, 6, '', '', 1);

-- --------------------------------------------------------

--
-- Table structure for table `acl`
--

CREATE TABLE `acl` (
  `id` int(5) NOT NULL,
  `ugid` int(5) NOT NULL,
  `appid` int(5) NOT NULL,
  `accl` int(1) NOT NULL,
  `status` int(1) NOT NULL DEFAULT '1'
) ENGINE=InnoDB DEFAULT CHARSET=utf8;

--
-- Dumping data for table `acl`
--

INSERT INTO `acl` (`id`, `ugid`, `appid`, `accl`, `status`) VALUES
(1, 1, 1, 4, 0),
(2, 1, 2, 5, 0),
(3, 1, 3, 7, 0),
(4, 1, 1, 3, 0),
(5, 1, 2, 4, 0),
(6, 1, 3, 6, 0),
(7, 1, 1, 7, 0),
(8, 1, 2, 7, 0),
(9, 1, 3, 7, 0),
(10, 1, 2, 7, 0),
(11, 1, 3, 7, 0),
(12, 1, 1, 1, 0),
(13, 1, 2, 7, 0),
(14, 1, 3, 7, 0),
(15, 1, 2, 7, 0),
(16, 1, 3, 1, 0),
(17, 1, 1, 7, 0),
(18, 1, 2, 7, 0),
(19, 1, 3, 1, 0),
(20, 1, 1, 7, 0),
(21, 1, 2, 7, 0),
(22, 1, 3, 7, 0),
(23, 1, 1, 7, 0),
(24, 1, 2, 7, 0),
(25, 1, 3, 7, 0),
(26, 2, 1, 7, 0),
(27, 2, 2, 7, 0),
(28, 2, 3, 7, 0),
(29, 2, 3, 4, 0),
(30, 1, 1, 7, 0),
(31, 1, 2, 7, 0),
(32, 1, 3, 1, 0),
(33, 1, 1, 7, 0),
(34, 1, 2, 7, 0),
(35, 1, 3, 7, 0),
(36, 1, 1, 7, 0),
(37, 1, 2, 7, 0),
(38, 1, 3, 7, 0),
(39, 1, 4, 7, 0),
(40, 1, 1, 7, 0),
(41, 1, 2, 7, 0),
(42, 1, 3, 7, 0),
(43, 1, 4, 7, 0),
(44, 1, 5, 7, 0),
(45, 1, 1, 7, 0),
(46, 1, 2, 7, 0),
(47, 1, 3, 7, 0),
(48, 1, 4, 7, 0),
(49, 1, 5, 7, 0),
(50, 1, 1, 7, 0),
(51, 1, 2, 7, 0),
(52, 1, 3, 7, 0),
(53, 1, 4, 7, 0),
(54, 1, 5, 7, 0),
(55, 1, 6, 7, 0),
(56, 1, 1, 7, 0),
(57, 1, 2, 7, 0),
(58, 1, 3, 7, 0),
(59, 1, 4, 7, 0),
(60, 1, 5, 7, 0),
(61, 1, 6, 7, 0),
(62, 3, 1, 7, 0),
(63, 3, 2, 7, 0),
(64, 4, 1, 7, 1),
(65, 4, 2, 7, 1),
(66, 5, 1, 7, 1),
(67, 5, 2, 7, 1),
(68, 6, 1, 7, 1),
(69, 6, 2, 7, 1),
(70, 6, 3, 7, 1),
(71, 7, 1, 7, 1),
(72, 7, 2, 7, 1),
(73, 7, 4, 7, 1),
(74, 7, 6, 7, 1),
(75, 8, 1, 7, 1),
(76, 8, 2, 7, 1),
(77, 8, 3, 7, 1),
(78, 8, 4, 7, 1),
(79, 8, 5, 7, 1),
(80, 8, 6, 7, 1),
(81, 1, 4, 7, 0),
(82, 1, 6, 7, 0),
(83, 1, 1, 7, 0),
(84, 1, 2, 7, 0),
(85, 1, 3, 7, 0),
(86, 1, 4, 7, 0),
(87, 1, 5, 7, 0),
(88, 1, 6, 7, 0),
(89, 1, 1, 7, 0),
(90, 1, 2, 7, 0),
(91, 1, 3, 7, 0),
(92, 1, 4, 7, 0),
(93, 1, 5, 7, 0),
(94, 1, 6, 7, 0),
(95, 1, 7, 7, 0),
(96, 1, 8, 7, 0),
(97, 3, 1, 7, 0),
(98, 3, 2, 7, 0),
(99, 3, 7, 7, 0),
(100, 3, 8, 7, 0),
(101, 3, 1, 7, 0),
(102, 3, 2, 7, 0),
(103, 3, 7, 7, 0),
(104, 3, 8, 7, 0),
(105, 3, 1, 7, 0),
(106, 3, 2, 7, 0),
(107, 3, 7, 7, 0),
(108, 3, 8, 7, 0),
(109, 3, 1, 7, 1),
(110, 3, 2, 7, 1),
(111, 3, 7, 7, 1),
(112, 3, 8, 7, 1),
(113, 1, 1, 7, 0),
(114, 1, 2, 7, 0),
(115, 1, 3, 7, 0),
(116, 1, 5, 7, 0),
(117, 1, 6, 7, 0),
(118, 1, 7, 7, 0),
(119, 1, 8, 7, 0),
(120, 1, 1, 7, 0),
(121, 1, 2, 7, 0),
(122, 1, 3, 7, 0),
(123, 1, 4, 1, 0),
(124, 1, 5, 7, 0),
(125, 1, 6, 7, 0),
(126, 1, 7, 7, 0),
(127, 1, 8, 7, 0),
(128, 1, 1, 7, 0),
(129, 1, 2, 7, 0),
(130, 1, 3, 7, 0),
(131, 1, 4, 7, 0),
(132, 1, 5, 7, 0),
(133, 1, 6, 7, 0),
(134, 1, 7, 7, 0),
(135, 1, 8, 7, 0),
(136, 1, 1, 7, 0),
(137, 1, 2, 1, 0),
(138, 1, 3, 7, 0),
(139, 1, 4, 7, 0),
(140, 1, 5, 7, 0),
(141, 1, 6, 7, 0),
(142, 1, 7, 7, 0),
(143, 1, 8, 7, 0),
(144, 1, 1, 7, 0),
(145, 1, 2, 7, 0),
(146, 1, 3, 7, 0),
(147, 1, 4, 7, 0),
(148, 1, 5, 7, 0),
(149, 1, 6, 7, 0),
(150, 1, 7, 7, 0),
(151, 1, 8, 7, 0),
(152, 1, 1, 7, 0),
(153, 1, 2, 7, 0),
(154, 1, 3, 1, 0),
(155, 1, 4, 7, 0),
(156, 1, 5, 7, 0),
(157, 1, 6, 7, 0),
(158, 1, 7, 7, 0),
(159, 1, 8, 7, 0),
(160, 1, 1, 7, 0),
(161, 1, 2, 7, 0),
(162, 1, 3, 7, 0),
(163, 1, 4, 7, 0),
(164, 1, 5, 7, 0),
(165, 1, 6, 7, 0),
(166, 1, 7, 7, 0),
(167, 1, 8, 7, 0),
(168, 1, 1, 7, 0),
(169, 1, 2, 7, 0),
(170, 1, 3, 1, 0),
(171, 1, 4, 7, 0),
(172, 1, 5, 7, 0),
(173, 1, 6, 7, 0),
(174, 1, 7, 7, 0),
(175, 1, 8, 7, 0),
(176, 1, 1, 7, 0),
(177, 1, 2, 7, 0),
(178, 1, 3, 7, 0),
(179, 1, 4, 7, 0),
(180, 1, 5, 7, 0),
(181, 1, 6, 7, 0),
(182, 1, 7, 7, 0),
(183, 1, 8, 7, 0),
(184, 1, 1, 7, 0),
(185, 1, 2, 1, 0),
(186, 1, 3, 7, 0),
(187, 1, 4, 7, 0),
(188, 1, 5, 7, 0),
(189, 1, 6, 7, 0),
(190, 1, 7, 7, 0),
(191, 1, 8, 7, 0),
(192, 1, 1, 7, 0),
(193, 1, 2, 1, 0),
(194, 1, 3, 7, 0),
(195, 1, 4, 7, 0),
(196, 1, 5, 7, 0),
(197, 1, 6, 7, 0),
(198, 1, 7, 7, 0),
(199, 1, 8, 7, 0),
(200, 1, 1, 7, 0),
(201, 1, 2, 1, 0),
(202, 1, 3, 7, 0),
(203, 1, 4, 7, 0),
(204, 1, 5, 7, 0),
(205, 1, 6, 7, 0),
(206, 1, 7, 7, 0),
(207, 1, 8, 7, 0),
(208, 1, 1, 7, 0),
(209, 1, 3, 7, 0),
(210, 1, 4, 7, 0),
(211, 1, 5, 7, 0),
(212, 1, 6, 7, 0),
(213, 1, 7, 7, 0),
(214, 1, 8, 7, 0),
(215, 1, 1, 7, 0),
(216, 1, 2, 1, 0),
(217, 1, 3, 7, 0),
(218, 1, 4, 7, 0),
(219, 1, 5, 7, 0),
(220, 1, 6, 7, 0),
(221, 1, 7, 7, 0),
(222, 1, 8, 7, 0),
(223, 1, 1, 7, 0),
(224, 1, 2, 7, 0),
(225, 1, 3, 7, 0),
(226, 1, 4, 7, 0),
(227, 1, 5, 7, 0),
(228, 1, 6, 7, 0),
(229, 1, 7, 7, 0),
(230, 1, 8, 7, 0),
(231, 1, 1, 7, 0),
(232, 1, 2, 7, 0),
(233, 1, 3, 1, 0),
(234, 1, 4, 7, 0),
(235, 1, 5, 7, 0),
(236, 1, 6, 7, 0),
(237, 1, 7, 7, 0),
(238, 1, 8, 7, 0),
(239, 1, 1, 7, 0),
(240, 1, 2, 7, 0),
(241, 1, 3, 2, 0),
(242, 1, 4, 7, 0),
(243, 1, 5, 7, 0),
(244, 1, 6, 7, 0),
(245, 1, 7, 7, 0),
(246, 1, 8, 7, 0),
(247, 1, 1, 7, 0),
(248, 1, 2, 7, 0),
(249, 1, 3, 4, 0),
(250, 1, 4, 7, 0),
(251, 1, 5, 7, 0),
(252, 1, 6, 7, 0),
(253, 1, 7, 7, 0),
(254, 1, 8, 7, 0),
(255, 1, 1, 7, 0),
(256, 1, 2, 7, 0),
(257, 1, 3, 7, 0),
(258, 1, 4, 7, 0),
(259, 1, 5, 7, 0),
(260, 1, 6, 7, 0),
(261, 1, 7, 7, 0),
(262, 1, 8, 7, 0),
(263, 1, 1, 7, 0),
(264, 1, 2, 7, 0),
(265, 1, 3, 7, 0),
(266, 1, 4, 7, 0),
(267, 1, 5, 7, 0),
(268, 1, 6, 7, 0),
(269, 1, 7, 1, 0),
(270, 1, 8, 1, 0),
(271, 1, 1, 7, 0),
(272, 1, 2, 7, 0),
(273, 1, 3, 7, 0),
(274, 1, 4, 7, 0),
(275, 1, 5, 7, 0),
(276, 1, 6, 7, 0),
(277, 1, 7, 7, 0),
(278, 1, 8, 7, 0),
(279, 1, 1, 7, 0),
(280, 1, 2, 7, 0),
(281, 1, 3, 7, 0),
(282, 1, 4, 7, 0),
(283, 1, 5, 7, 0),
(284, 1, 6, 7, 0),
(285, 1, 7, 7, 0),
(286, 1, 8, 7, 0),
(287, 1, 9, 7, 0),
(288, 1, 1, 7, 0),
(289, 1, 2, 7, 0),
(290, 1, 3, 7, 0),
(291, 1, 4, 7, 0),
(292, 1, 5, 7, 0),
(293, 1, 6, 7, 0),
(294, 1, 7, 7, 0),
(295, 1, 8, 7, 0),
(296, 1, 9, 7, 0),
(297, 1, 10, 7, 0),
(298, 1, 1, 7, 0),
(299, 1, 2, 7, 0),
(300, 1, 3, 7, 0),
(301, 1, 4, 7, 0),
(302, 1, 5, 7, 0),
(303, 1, 6, 7, 0),
(304, 1, 7, 7, 0),
(305, 1, 8, 7, 0),
(306, 1, 9, 7, 0),
(307, 1, 10, 7, 0),
(308, 1, 11, 7, 0),
(309, 1, 1, 7, 0),
(310, 1, 2, 7, 0),
(311, 1, 3, 7, 0),
(312, 1, 4, 7, 0),
(313, 1, 5, 7, 0),
(314, 1, 6, 7, 0),
(315, 1, 7, 7, 0),
(316, 1, 8, 7, 0),
(317, 1, 9, 7, 0),
(318, 1, 10, 7, 0),
(319, 1, 11, 7, 0),
(320, 1, 12, 7, 0),
(321, 1, 1, 7, 0),
(322, 1, 2, 7, 0),
(323, 1, 3, 7, 0),
(324, 1, 4, 7, 0),
(325, 1, 5, 7, 0),
(326, 1, 6, 7, 0),
(327, 1, 7, 7, 0),
(328, 1, 8, 7, 0),
(329, 1, 9, 7, 0),
(330, 1, 10, 7, 0),
(331, 1, 11, 7, 0),
(332, 1, 12, 7, 0),
(333, 1, 13, 7, 0),
(334, 1, 1, 7, 0),
(335, 1, 2, 7, 0),
(336, 1, 3, 7, 0),
(337, 1, 4, 7, 0),
(338, 1, 5, 7, 0),
(339, 1, 6, 7, 0),
(340, 1, 7, 7, 0),
(341, 1, 8, 7, 0),
(342, 1, 9, 1, 0),
(343, 1, 10, 1, 0),
(344, 1, 11, 7, 0),
(345, 1, 12, 7, 0),
(346, 1, 13, 7, 0),
(347, 1, 1, 7, 0),
(348, 1, 2, 7, 0),
(349, 1, 3, 7, 0),
(350, 1, 4, 7, 0),
(351, 1, 5, 7, 0),
(352, 1, 6, 7, 0),
(353, 1, 7, 7, 0),
(354, 1, 8, 7, 0),
(355, 1, 9, 7, 0),
(356, 1, 10, 7, 0),
(357, 1, 11, 7, 0),
(358, 1, 12, 7, 0),
(359, 1, 13, 7, 0),
(360, 1, 1, 7, 0),
(361, 1, 2, 7, 0),
(362, 1, 3, 7, 0),
(363, 1, 4, 7, 0),
(364, 1, 5, 7, 0),
(365, 1, 6, 7, 0),
(366, 1, 7, 7, 0),
(367, 1, 8, 7, 0),
(368, 1, 9, 7, 0),
(369, 1, 10, 7, 0),
(370, 1, 11, 1, 0),
(371, 1, 12, 1, 0),
(372, 1, 13, 1, 0),
(373, 1, 1, 7, 0),
(374, 1, 2, 7, 0),
(375, 1, 3, 7, 0),
(376, 1, 4, 7, 0),
(377, 1, 5, 7, 0),
(378, 1, 6, 7, 0),
(379, 1, 7, 7, 0),
(380, 1, 8, 7, 0),
(381, 1, 9, 7, 0),
(382, 1, 10, 7, 0),
(383, 1, 11, 1, 0),
(384, 1, 12, 1, 0),
(385, 1, 13, 1, 0),
(386, 1, 1, 7, 0),
(387, 1, 2, 7, 0),
(388, 1, 3, 7, 0),
(389, 1, 4, 7, 0),
(390, 1, 5, 7, 0),
(391, 1, 6, 7, 0),
(392, 1, 7, 7, 0),
(393, 1, 8, 7, 0),
(394, 1, 9, 7, 0),
(395, 1, 10, 7, 0),
(396, 1, 11, 7, 0),
(397, 1, 12, 7, 0),
(398, 1, 13, 7, 0),
(399, 1, 1, 7, 0),
(400, 1, 2, 7, 0),
(401, 1, 3, 7, 0),
(402, 1, 4, 7, 0),
(403, 1, 5, 7, 0),
(404, 1, 6, 7, 0),
(405, 1, 7, 7, 0),
(406, 1, 8, 7, 0),
(407, 1, 9, 1, 0),
(408, 1, 10, 1, 0),
(409, 1, 11, 7, 0),
(410, 1, 12, 7, 0),
(411, 1, 13, 7, 0),
(412, 1, 1, 7, 0),
(413, 1, 2, 7, 0),
(414, 1, 3, 7, 0),
(415, 1, 4, 7, 0),
(416, 1, 5, 7, 0),
(417, 1, 6, 7, 0),
(418, 1, 7, 7, 0),
(419, 1, 8, 7, 0),
(420, 1, 9, 7, 0),
(421, 1, 10, 7, 0),
(422, 1, 11, 1, 0),
(423, 1, 12, 1, 0),
(424, 1, 13, 1, 0),
(425, 1, 1, 7, 0),
(426, 1, 2, 7, 0),
(427, 1, 3, 7, 0),
(428, 1, 4, 7, 0),
(429, 1, 5, 7, 0),
(430, 1, 6, 7, 0),
(431, 1, 7, 7, 0),
(432, 1, 8, 7, 0),
(433, 1, 9, 7, 0),
(434, 1, 10, 7, 0),
(435, 1, 11, 7, 0),
(436, 1, 12, 7, 0),
(437, 1, 13, 7, 0),
(438, 1, 1, 7, 0),
(439, 1, 2, 7, 0),
(440, 1, 3, 7, 0),
(441, 1, 4, 7, 0),
(442, 1, 5, 7, 0),
(443, 1, 6, 7, 0),
(444, 1, 7, 7, 0),
(445, 1, 8, 7, 0),
(446, 1, 9, 7, 0),
(447, 1, 10, 7, 0),
(448, 1, 11, 7, 0),
(449, 1, 12, 7, 0),
(450, 1, 13, 7, 0),
(451, 1, 14, 7, 0),
(452, 1, 1, 7, 0),
(453, 1, 2, 7, 0),
(454, 1, 3, 7, 0),
(455, 1, 4, 7, 0),
(456, 1, 5, 7, 0),
(457, 1, 6, 7, 0),
(458, 1, 7, 7, 0),
(459, 1, 8, 7, 0),
(460, 1, 9, 7, 0),
(461, 1, 10, 7, 0),
(462, 1, 11, 7, 0),
(463, 1, 12, 7, 0),
(464, 1, 13, 7, 0),
(465, 1, 14, 7, 0),
(466, 1, 15, 7, 0),
(467, 1, 16, 7, 0),
(468, 1, 17, 7, 0),
(469, 1, 1, 7, 0),
(470, 1, 2, 7, 0),
(471, 1, 3, 7, 0),
(472, 1, 4, 7, 0),
(473, 1, 5, 7, 0),
(474, 1, 6, 7, 0),
(475, 1, 7, 7, 0),
(476, 1, 8, 7, 0),
(477, 1, 9, 7, 0),
(478, 1, 10, 7, 0),
(479, 1, 11, 7, 0),
(480, 1, 12, 7, 0),
(481, 1, 13, 7, 0),
(482, 1, 14, 7, 0),
(483, 1, 15, 7, 0),
(484, 1, 16, 7, 0),
(485, 1, 17, 7, 0),
(486, 1, 18, 7, 0),
(487, 1, 1, 7, 0),
(488, 1, 2, 7, 0),
(489, 1, 3, 7, 0),
(490, 1, 4, 7, 0),
(491, 1, 5, 7, 0),
(492, 1, 6, 7, 0),
(493, 1, 7, 7, 0),
(494, 1, 8, 7, 0),
(495, 1, 9, 7, 0),
(496, 1, 10, 7, 0),
(497, 1, 11, 7, 0),
(498, 1, 12, 7, 0),
(499, 1, 13, 7, 0),
(500, 1, 14, 7, 0),
(501, 1, 15, 7, 0),
(502, 1, 16, 7, 0),
(503, 1, 17, 7, 0),
(504, 1, 18, 7, 0),
(505, 1, 19, 7, 0),
(506, 1, 1, 7, 0),
(507, 1, 2, 7, 0),
(508, 1, 3, 7, 0),
(509, 1, 4, 7, 0),
(510, 1, 5, 7, 0),
(511, 1, 7, 7, 0),
(512, 1, 8, 7, 0),
(513, 1, 9, 7, 0),
(514, 1, 10, 7, 0),
(515, 1, 11, 7, 0),
(516, 1, 12, 7, 0),
(517, 1, 13, 7, 0),
(518, 1, 14, 7, 0),
(519, 1, 15, 7, 0),
(520, 1, 16, 7, 0),
(521, 1, 17, 7, 0),
(522, 1, 18, 7, 0),
(523, 1, 19, 7, 0),
(524, 1, 1, 7, 0),
(525, 1, 2, 7, 0),
(526, 1, 3, 7, 0),
(527, 1, 4, 7, 0),
(528, 1, 5, 7, 0),
(529, 1, 7, 7, 0),
(530, 1, 8, 7, 0),
(531, 1, 9, 7, 0),
(532, 1, 10, 7, 0),
(533, 1, 11, 7, 0),
(534, 1, 12, 7, 0),
(535, 1, 13, 7, 0),
(536, 1, 14, 7, 0),
(537, 1, 15, 7, 0),
(538, 1, 16, 7, 0),
(539, 1, 17, 7, 0),
(540, 1, 18, 7, 0),
(541, 1, 19, 7, 0),
(542, 1, 1, 7, 0),
(543, 1, 2, 7, 0),
(544, 1, 3, 7, 0),
(545, 1, 4, 7, 0),
(546, 1, 5, 7, 0),
(547, 1, 6, 7, 0),
(548, 1, 7, 7, 0),
(549, 1, 8, 7, 0),
(550, 1, 9, 7, 0),
(551, 1, 10, 7, 0),
(552, 1, 11, 7, 0),
(553, 1, 12, 7, 0),
(554, 1, 13, 7, 0),
(555, 1, 14, 7, 0),
(556, 1, 15, 7, 0),
(557, 1, 16, 7, 0),
(558, 1, 17, 7, 0),
(559, 1, 18, 7, 0),
(560, 1, 19, 7, 0),
(561, 1, 22, 7, 0),
(562, 1, 23, 7, 0),
(563, 1, 1, 7, 0),
(564, 1, 2, 7, 0),
(565, 1, 3, 7, 0),
(566, 1, 4, 7, 0),
(567, 1, 5, 7, 0),
(568, 1, 6, 7, 0),
(569, 1, 7, 7, 0),
(570, 1, 8, 7, 0),
(571, 1, 9, 7, 0),
(572, 1, 10, 7, 0),
(573, 1, 11, 7, 0),
(574, 1, 12, 7, 0),
(575, 1, 13, 7, 0),
(576, 1, 14, 7, 0),
(577, 1, 15, 7, 0),
(578, 1, 16, 7, 0),
(579, 1, 17, 7, 0),
(580, 1, 18, 7, 0),
(581, 1, 19, 7, 0),
(582, 1, 20, 7, 0),
(583, 1, 21, 7, 0),
(584, 1, 22, 7, 0),
(585, 1, 23, 7, 0),
(586, 1, 24, 7, 0),
(587, 1, 25, 7, 0),
(588, 1, 26, 7, 0),
(589, 1, 27, 7, 0),
(590, 1, 28, 7, 0),
(591, 1, 29, 7, 0),
(592, 1, 30, 7, 0),
(593, 1, 31, 7, 0),
(594, 1, 32, 7, 0),
(595, 1, 1, 7, 0),
(596, 1, 2, 7, 0),
(597, 1, 3, 7, 0),
(598, 1, 4, 7, 0),
(599, 1, 5, 7, 0),
(600, 1, 6, 7, 0),
(601, 1, 7, 7, 0),
(602, 1, 8, 7, 0),
(603, 1, 9, 7, 0),
(604, 1, 10, 7, 0),
(605, 1, 11, 7, 0),
(606, 1, 12, 7, 0),
(607, 1, 13, 7, 0),
(608, 1, 14, 7, 0),
(609, 1, 15, 7, 0),
(610, 1, 16, 7, 0),
(611, 1, 17, 7, 0),
(612, 1, 18, 7, 0),
(613, 1, 19, 7, 0),
(614, 1, 20, 7, 0),
(615, 1, 21, 7, 0),
(616, 1, 24, 7, 0),
(617, 1, 25, 7, 0),
(618, 1, 26, 7, 0),
(619, 1, 27, 7, 0),
(620, 1, 28, 7, 0),
(621, 1, 29, 7, 0),
(622, 1, 30, 7, 0),
(623, 1, 31, 7, 0),
(624, 1, 32, 7, 0),
(625, 1, 33, 7, 0),
(626, 1, 1, 7, 0),
(627, 1, 2, 7, 0),
(628, 1, 3, 7, 0),
(629, 1, 4, 7, 0),
(630, 1, 5, 7, 0),
(631, 1, 6, 7, 0),
(632, 1, 7, 7, 0),
(633, 1, 8, 7, 0),
(634, 1, 9, 7, 0),
(635, 1, 10, 7, 0),
(636, 1, 11, 7, 0),
(637, 1, 12, 7, 0),
(638, 1, 13, 7, 0),
(639, 1, 14, 7, 0),
(640, 1, 15, 7, 0),
(641, 1, 16, 7, 0),
(642, 1, 17, 7, 0),
(643, 1, 18, 7, 0),
(644, 1, 19, 7, 0),
(645, 1, 20, 7, 0),
(646, 1, 21, 7, 0),
(647, 1, 24, 7, 0),
(648, 1, 25, 7, 0),
(649, 1, 26, 7, 0),
(650, 1, 27, 7, 0),
(651, 1, 28, 7, 0),
(652, 1, 29, 7, 0),
(653, 1, 30, 7, 0),
(654, 1, 31, 7, 0),
(655, 1, 32, 7, 0),
(656, 1, 33, 7, 0),
(657, 1, 34, 7, 0),
(658, 1, 1, 7, 1),
(659, 1, 2, 7, 1),
(660, 1, 3, 7, 1),
(661, 1, 4, 7, 1),
(662, 1, 5, 7, 1),
(663, 1, 6, 7, 1),
(664, 1, 7, 7, 1),
(665, 1, 8, 7, 1),
(666, 1, 9, 7, 1),
(667, 1, 10, 7, 1),
(668, 1, 11, 7, 1),
(669, 1, 12, 7, 1),
(670, 1, 13, 7, 1),
(671, 1, 14, 7, 1),
(672, 1, 15, 7, 1),
(673, 1, 16, 7, 1),
(674, 1, 17, 7, 1),
(675, 1, 18, 7, 1),
(676, 1, 19, 7, 1),
(677, 1, 20, 7, 1),
(678, 1, 21, 7, 1),
(679, 1, 24, 7, 1),
(680, 1, 25, 7, 1),
(681, 1, 26, 7, 1),
(682, 1, 27, 7, 1),
(683, 1, 28, 7, 1),
(684, 1, 29, 7, 1),
(685, 1, 30, 7, 1),
(686, 1, 31, 7, 1),
(687, 1, 32, 7, 1),
(688, 1, 33, 7, 1),
(689, 1, 34, 7, 1),
(690, 1, 35, 7, 1);

-- --------------------------------------------------------

--
-- Table structure for table `app`
--

CREATE TABLE `app` (
  `id` int(5) NOT NULL,
  `name` varchar(50) CHARACTER SET utf8 NOT NULL,
  `dir` varchar(50) CHARACTER SET utf8 NOT NULL,
  `detail` varchar(50) CHARACTER SET utf8 NOT NULL,
  `appgroup` int(5) NOT NULL,
  `status` int(1) NOT NULL DEFAULT '1'
) ENGINE=InnoDB DEFAULT CHARSET=utf8mb4;

--
-- Dumping data for table `app`
--

INSERT INTO `app` (`id`, `name`, `dir`, `detail`, `appgroup`, `status`) VALUES
(1, 'Logs', 'logs', '', 1, 1),
(2, 'User Management', 'users', '', 1, 1),
(3, 'User Group', 'usergroup', '', 1, 1),
(4, 'Application Management', 'app', '', 1, 1),
(5, 'Employee Info', 'employee', '', 7, 1),
(6, 'Time Stamp', 'time_stamp', '', 7, 1),
(7, 'Leave Management', 'leave_management', '', 7, 1),
(8, 'Accounting', 'acc', 'Accounting', 2, 1),
(9, 'Accounting Type', 'acc_typ', '', 2, 1),
(10, 'PR', 'pr', '', 3, 1),
(11, 'PO', 'po', '', 3, 1),
(12, 'Product Receive', 'recieve', '', 4, 1),
(13, 'Payment', 'payment', '', 2, 1),
(14, 'Inventory', 'inventory', '', 4, 1),
(15, 'Location', 'location', '', 4, 1),
(16, 'Batch', 'batch', '', 5, 1),
(17, 'Production', 'production', '', 5, 1),
(18, 'Quotation', 'quotation', '', 6, 1),
(19, 'SO', 'so', '', 6, 1),
(20, 'Withdrawn', 'withdrawn', '', 4, 1),
(21, 'Receipt', 'receipt', '', 6, 1),
(24, 'Payroll', 'payroll', '', 7, 1),
(25, 'Inventory Type', 'inventory_typ', 'Inventory Type', 4, 1),
(26, 'Inventory Category', 'inventory_cat', 'Inventory Category', 4, 1),
(27, 'Location Road', 'location_road', '', 4, 1),
(28, 'Location Container', 'location_ctn', '', 4, 1),
(29, 'Location Row', 'location_row', '', 4, 1),
(30, 'Location Column', 'location_col', '', 4, 1),
(31, 'Loss', 'loss', '', 5, 0),
(32, 'Stock', 'stock', '', 4, 0),
(33, 'Supplier', 'supplier', '', 3, 1),
(34, 'Farming', 'farming', '', 8, 1),
(35, 'Customer', 'customer', '', 6, 1);

-- --------------------------------------------------------

--
-- Table structure for table `batch`
--

CREATE TABLE `batch` (
  `id` int(5) NOT NULL,
  `name` varchar(100) NOT NULL,
  `detail` varchar(255) NOT NULL,
  `uid` int(5) NOT NULL,
  `uaid` int(5) NOT NULL,
  `date` date NOT NULL,
  `adate` date NOT NULL,
  `status` int(1) NOT NULL DEFAULT '1'
) ENGINE=InnoDB DEFAULT CHARSET=utf8mb4;

--
-- Dumping data for table `batch`
--

INSERT INTO `batch` (`id`, `name`, `detail`, `uid`, `uaid`, `date`, `adate`, `status`) VALUES
(1, 'แบบผลิตกาแฟคั่ว', 'กาแฟคั่วกลาง', 1, 1, '2025-01-19', '2025-01-20', 2),
(2, 'แบบคั่ว', 'เข้มๆเลย', 1, 1, '2025-01-20', '2025-01-20', 2),
(3, 'แบบคั่ว', 'อ่อน', 1, 1, '2025-01-20', '2025-01-20', 2),
(4, 'แบบคั่ว', 'กาแฟคั่วกลาง', 1, 1, '2025-01-20', '2025-01-20', 2),
(5, 'แบบ เพาะปลูก', 'ปลูกต้นกาแฟ ', 1, 1, '2025-01-20', '2025-01-20', 2),
(6, 'SO', 'Sale Order', 1, 1, '2025-01-20', '2025-01-20', 2),
(7, 'อนันดา', 'Sale Order', 1, 1, '2025-01-20', '2025-01-20', 2);

-- --------------------------------------------------------

--
-- Table structure for table `batch_detail`
--

CREATE TABLE `batch_detail` (
  `id` int(5) NOT NULL,
  `batch_id` int(5) NOT NULL,
  `inventory_id` int(5) NOT NULL,
  `typ` int(5) NOT NULL,
  `num` int(5) NOT NULL,
  `status` int(1) NOT NULL DEFAULT '1'
) ENGINE=InnoDB DEFAULT CHARSET=utf8mb4;

--
-- Dumping data for table `batch_detail`
--

INSERT INTO `batch_detail` (`id`, `batch_id`, `inventory_id`, `typ`, `num`, `status`) VALUES
(1, 1, 14, 1, 200, 1),
(2, 2, 14, 1, 300, 1),
(3, 3, 14, 1, 200, 0),
(4, 3, 14, 1, 2000, 1),
(5, 3, 3, 3, 20, 1),
(6, 4, 14, 1, 1000, 1),
(7, 4, 11, 3, 10, 1),
(8, 5, 13, 1, 500, 1),
(9, 6, 13, 1, 500, 1),
(10, 6, 14, 1, 20, 1),
(11, 7, 13, 1, 1, 1),
(12, 7, 14, 1, 1, 1),
(13, 7, 1, 3, 1, 1),
(14, 7, 2, 3, 1, 1);

-- --------------------------------------------------------

--
-- Table structure for table `company`
--

CREATE TABLE `company` (
  `id` int(5) NOT NULL,
  `name` varchar(50) NOT NULL,
  `address` varchar(255) NOT NULL,
  `province` varchar(50) NOT NULL,
  `zip` int(10) NOT NULL,
  `tel` int(10) NOT NULL,
  `fax` int(10) NOT NULL,
  `tax_id` int(10) NOT NULL,
  `web` varchar(50) NOT NULL
) ENGINE=InnoDB DEFAULT CHARSET=utf8;

--
-- Dumping data for table `company`
--

INSERT INTO `company` (`id`, `name`, `address`, `province`, `zip`, `tel`, `fax`, `tax_id`, `web`) VALUES
(1, 'บริษัท bluekoff จำกัด', '81, 81/130 ลาดพร้าว 15 แยก 1 ถนนลาดพร้าว\r\nแขวงจอมพล เขตจตุจักร ', 'กรุงเทพมหาคร', 10900, 819799565, 23913030, 1234567890, '');

-- --------------------------------------------------------

--
-- Table structure for table `customer`
--

CREATE TABLE `customer` (
  `id` int(5) NOT NULL,
  `name` varchar(50) NOT NULL,
  `address` varchar(255) NOT NULL,
  `province` varchar(50) NOT NULL,
  `zip` int(10) NOT NULL,
  `tel` varchar(10) NOT NULL,
  `mail` varchar(50) NOT NULL,
  `tax_id` int(5) NOT NULL,
  `status` int(1) NOT NULL DEFAULT '1'
) ENGINE=InnoDB DEFAULT CHARSET=utf8;

--
-- Dumping data for table `customer`
--

INSERT INTO `customer` (`id`, `name`, `address`, `province`, `zip`, `tel`, `mail`, `tax_id`, `status`) VALUES
(1, 'บริษัท กัลฟ์ เอ็นเนอร์จี ดีเวลลอปเมนท์ จำกัด', '87 อาคาร เอ็มไทย ทาวเวอร์ ออลซีซั่น เพลส ชั้น 11 ถนนวิทยุ แขวงลุมพินี เขตปทุมวัน', 'กรุงเทพมหาคร', 10330, '0999348751', 'guleng@gmail.com', 994000162, 1),
(2, 'บริษัท ซีเอ็มโอ จำกัด', '4/18-19 ซอยนวลจันทร์ 56 แขวงนวลจันทร์ เขตบึงกุ่ม', 'กรุงเทพมหานคร', 10120, '0809042547', 'cmo@gmail.com', 994000162, 1),
(3, 'บริษัท ซีโอแอล จำกัด', '24 ซอยอ่อนนุช 66/1 ถนนอ่อนนุช-ลาดกระบัง แขวงอ่อนนุช เขตสวนหลวง', 'กรุงเทพมหานคร', 10250, '0857567854', 'col@gmail.com', 458700162, 1),
(4, 'บริษัท เซ็น คอร์ปอเรชั่น กรุ๊ป จำกัด', '782/1 ซอยอ่อนนุช 17 แขวงสวนหลวง เขตสวนหลวง', 'กรุงเทพมหานคร', 10250, '0248579687', 'zen@gmail.com', 994000467, 1),
(5, 'บริษัท พีทีจี เอ็นเนอยี จำกัด', '555 ถนนวิภาวดีรังสิต แขวงจตุจักร เขตจตุจักร', 'กรุงเทพมหานคร', 10900, '0857452596', 'ptg@gmail.com', 994000112, 1),
(6, 'บริษัท บลิส-เทล จำกัด', '12 ประชาชื่น 950 ถนนประชาชื่น แขวงวงศ์สว่าง เขตบางซื่อ', 'กรุงเทพมหานคร', 10900, '0759578574', 'blise@gmail.com', 994785162, 1);

-- --------------------------------------------------------

--
-- Table structure for table `employee_info`
--

CREATE TABLE `employee_info` (
  `id` int(5) NOT NULL,
  `fname` varchar(50) NOT NULL,
  `lname` varchar(50) NOT NULL,
  `nickname` varchar(50) NOT NULL,
  `depart` varchar(50) NOT NULL,
  `birth` date NOT NULL,
  `sex` varchar(50) NOT NULL,
  `address` varchar(255) NOT NULL,
  `tel` varchar(10) NOT NULL,
  `mail` varchar(50) NOT NULL,
  `start` date NOT NULL,
  `status` int(1) NOT NULL DEFAULT '1'
) ENGINE=InnoDB DEFAULT CHARSET=utf8;

--
-- Dumping data for table `employee_info`
--

INSERT INTO `employee_info` (`id`, `fname`, `lname`, `nickname`, `depart`, `birth`, `sex`, `address`, `tel`, `mail`, `start`, `status`) VALUES
(1, 'Thitaporn', 'Muangthaworn', 'Pook', '', '2004-09-15', '0', '7/1 หมู่ 6 ต.หนองกระเจ็ด อ.บ้านลาด จ.เพชรบุรี', '0925971622', '665041901042@mail.rmutk.ac.th', '2024-11-01', 1),
(2, 'Panyakorn', 'Khaiwchoo', 'Poon', '', '2004-07-21', '1', '118 ซอยจันทน์ 2 ถนนจันทน์  แขวงทุ่งวัดดอน  เขตสาทร  กรุงเทพมหานคร 10120', '0948122803', '665041901182@mail.rmutk.ac.th', '2024-11-18', 1),
(3, 'Siriyakorn', 'Chuenchom', 'Dream', '', '2004-10-15', '0', '916/59 ถ.พระราม 2 ซ.60 แขวงแสมดำ เขตบางขุนเทียน กรุงเทพมหานคร 10150', '0611451373', '665041901463@mail.rmutk.ac.th', '2024-11-18', 1),
(4, 'Chakrin', 'Suku', 'Pup', '', '2004-07-19', '1', '1074 ถ.สุขสวัสดิ์ ราษฎร์บูรณะ เขต/อำเภอ ราษฎร์บูรณะ กรุงเทพมหานคร 10140', '0634124334', '665041900960@mail.rmutk.ac.th', '2024-11-18', 1),
(5, 'Chakraphan', 'Sonkerd', 'Allgan', '', '2005-03-14', '1', 'อพาร์ทเม้นท์ จันทร์ปลั่ง เลขที่ 487 ห้องเลขที่ 2509 ซอยสาธุประดิษฐ์ 34 ถนนสาธุประดิษฐ์ แขวง บางโพงพาง เขตยานนาวา', '0622755667', '665041900010@mail.rmutk.ac.th', '2024-11-18', 1),
(6, 'Suphakorn', 'Punyawiwat', 'Ao', '', '2005-01-22', '1', '42(71/72) ซอยบางแวก 46 ถนนบางแวก เขตภาษีเจริญ กรุงเทพมหานคร', '0959506305', '665041901273@mail.rmutk.ac.th', '2024-11-18', 1),
(7, 'Kunanon​', 'Wongdechachai', 'Key', '', '2005-02-11', '1', '15​ ซอยอนามัยงาเจริญ​33​ แยก1-2​ แขวงท่าข้าม​ เขตบางขุนเทียน​ กรุงเทพมหานคร 10150', '0806263452', '665041900556@mail.rmutk.ac.th', '2024-11-18', 1),
(8, 'Nipitthanaphon', 'Saekratok', 'Mon', '', '2004-10-21', '1', 'ม.คุณาลัย ถนนเทียนทะเล แขวงท่าข้าม เขตบางขุนเทียน กรุงเทพมหานคร', '0637260544', '665041900408@mail.rmutk.ac.th', '2024-11-18', 1),
(9, 'Suphawit', 'Intamoon', 'Bank', '', '2005-02-06', '1', 'ตากสิน 10 ถนน ตากสิน แขวงบุคคโล เขตธนบุรี กรุงเทพมหานคร', '0922999058', '665041901307@mail.rmutk.ac.th', '2024-11-18', 1);

-- --------------------------------------------------------

--
-- Table structure for table `farming`
--

CREATE TABLE `farming` (
  `id` int(5) NOT NULL,
  `batch_id` int(5) NOT NULL,
  `date` date NOT NULL,
  `uid` int(5) NOT NULL,
  `detail` varchar(50) NOT NULL,
  `adate` date NOT NULL,
  `uaid` int(5) NOT NULL,
  `status` int(1) NOT NULL DEFAULT '1'
) ENGINE=InnoDB DEFAULT CHARSET=utf8;

--
-- Dumping data for table `farming`
--

INSERT INTO `farming` (`id`, `batch_id`, `date`, `uid`, `detail`, `adate`, `uaid`, `status`) VALUES
(1, 5, '2025-01-20', 1, '', '2025-01-20', 1, 2);

-- --------------------------------------------------------

--
-- Table structure for table `farming_detail`
--

CREATE TABLE `farming_detail` (
  `id` int(5) NOT NULL,
  `farming_id` int(5) NOT NULL,
  `inventory_id` int(5) NOT NULL,
  `num` int(5) NOT NULL,
  `typ` int(5) NOT NULL,
  `loss` int(5) NOT NULL,
  `detail` varchar(255) NOT NULL,
  `status` int(1) NOT NULL
) ENGINE=InnoDB DEFAULT CHARSET=utf8;

--
-- Dumping data for table `farming_detail`
--

INSERT INTO `farming_detail` (`id`, `farming_id`, `inventory_id`, `num`, `typ`, `loss`, `detail`, `status`) VALUES
(1, 1, 13, 500, 1, 0, '', 0);

-- --------------------------------------------------------

--
-- Table structure for table `inventory`
--

CREATE TABLE `inventory` (
  `id` int(5) NOT NULL,
  `name` varchar(50) NOT NULL,
  `description` varchar(255) NOT NULL,
  `typ_id` int(5) NOT NULL,
  `cate_id` int(5) NOT NULL,
  `location_id` int(5) NOT NULL,
  `uid` int(5) NOT NULL,
  `num` int(5) NOT NULL,
  `buy` decimal(10,2) NOT NULL,
  `sale` decimal(10,2) NOT NULL,
  `cp` int(5) NOT NULL,
  `status` int(1) NOT NULL DEFAULT '1'
) ENGINE=InnoDB DEFAULT CHARSET=utf8;

--
-- Dumping data for table `inventory`
--

INSERT INTO `inventory` (`id`, `name`, `description`, `typ_id`, `cate_id`, `location_id`, `uid`, `num`, `buy`, `sale`, `cp`, `status`) VALUES
(1, 'Bluekoff Plantation Hybrid Natural Anaerobic', '', 3, 3, 1, 1, 100, '0.00', '350.00', 20, 1),
(2, 'Bluekoff Plantation Hybrid Honey Anaerobic', '', 3, 3, 1, 1, 100, '0.00', '350.00', 20, 1),
(3, 'Bluekoff Plantation: A3 Blue Light', '', 3, 3, 1, 1, 100, '0.00', '165.00', 20, 1),
(4, 'Panama Esmeralda Private Collection Washed(100 g)', '', 3, 3, 1, 1, 100, '0.00', '865.00', 20, 1),
(5, 'E1 Legesse Botosa Dikale Natural (COE Winning Farm', '', 3, 3, 1, 1, 100, '0.00', '490.00', 20, 1),
(6, 'A4.5 Medium-Dark Roast', '', 3, 3, 1, 1, 100, '0.00', '165.00', 20, 1),
(7, 'A4 Medium Roast', '', 3, 3, 1, 1, 100, '0.00', '165.00', 20, 1),
(8, 'A5 Dark Roast', '', 3, 3, 1, 1, 100, '0.00', '165.00', 20, 1),
(9, 'Bluekoff Plantation: A3 Blue Light', '', 3, 3, 1, 1, 100, '0.00', '165.00', 20, 1),
(10, 'A4.5 Medium-Dark Roast', '', 3, 3, 1, 1, 100, '0.00', '165.00', 20, 1),
(11, 'A4 Medium Roast', '', 3, 3, 1, 1, 100, '0.00', '165.00', 20, 1),
(12, 'A5 Dark Roast', '', 3, 3, 1, 1, 100, '0.00', '165.00', 20, 1),
(13, 'ต้นกล้ากาแฟ พันธุ์อราบิก้า (Arabica)', '', 1, 1, 2, 2, 500, '255.00', '0.00', 100, 1),
(14, 'ผลเชอร์รี่กาแฟ', '', 1, 2, 2, 3, 1000, '0.00', '0.00', 200, 1);

-- --------------------------------------------------------

--
-- Table structure for table `inventory_cat`
--

CREATE TABLE `inventory_cat` (
  `id` int(5) NOT NULL,
  `name` varchar(50) NOT NULL,
  `detail` varchar(50) NOT NULL,
  `status` int(1) NOT NULL DEFAULT '1'
) ENGINE=InnoDB DEFAULT CHARSET=utf8;

--
-- Dumping data for table `inventory_cat`
--

INSERT INTO `inventory_cat` (`id`, `name`, `detail`, `status`) VALUES
(1, 'เมล็ดพันธุ์กาแฟ', '', 1),
(2, 'เมล็ดกาแฟสด', '', 1),
(3, 'เมล็ดกาแฟคั่ว', '', 1);

-- --------------------------------------------------------

--
-- Table structure for table `inventory_typ`
--

CREATE TABLE `inventory_typ` (
  `id` int(5) NOT NULL,
  `name` varchar(50) NOT NULL,
  `detail` varchar(50) NOT NULL,
  `status` int(1) NOT NULL DEFAULT '1'
) ENGINE=InnoDB DEFAULT CHARSET=utf8;

--
-- Dumping data for table `inventory_typ`
--

INSERT INTO `inventory_typ` (`id`, `name`, `detail`, `status`) VALUES
(1, 'วัตถุดิบ', '', 1),
(2, 'สินค้าระหว่างผลิด', '', 1),
(3, 'สินค้าสำหรับขาย', '', 1),
(4, 'สินค้าชำรุด', '', 1);

-- --------------------------------------------------------

--
-- Table structure for table `leave_management`
--

CREATE TABLE `leave_management` (
  `id` int(5) NOT NULL,
  `emp_id` int(5) NOT NULL,
  `purpose` varchar(50) NOT NULL,
  `reason` varchar(50) NOT NULL,
  `leave_start` date NOT NULL,
  `leave_end` date NOT NULL,
  `typ` varchar(50) NOT NULL,
  `status` int(1) NOT NULL DEFAULT '1'
) ENGINE=InnoDB DEFAULT CHARSET=utf8;

--
-- Dumping data for table `leave_management`
--

INSERT INTO `leave_management` (`id`, `emp_id`, `purpose`, `reason`, `leave_start`, `leave_end`, `typ`, `status`) VALUES
(1, 1, '3', 'พักร้อน', '2025-01-01', '2025-01-08', '1', 1),
(2, 2, '1', 'ไข้หวัด', '2025-01-01', '2025-01-08', '2', 1);

-- --------------------------------------------------------

--
-- Table structure for table `location`
--

CREATE TABLE `location` (
  `id` int(5) NOT NULL,
  `name` varchar(50) NOT NULL,
  `detail` varchar(50) NOT NULL,
  `status` int(1) NOT NULL DEFAULT '1'
) ENGINE=InnoDB DEFAULT CHARSET=utf8;

--
-- Dumping data for table `location`
--

INSERT INTO `location` (`id`, `name`, `detail`, `status`) VALUES
(1, 'Warehouse#1', 'Warehouse#1', 1),
(2, 'Warehouse#2', 'Warehouse#2', 1);

-- --------------------------------------------------------

--
-- Table structure for table `location_col`
--

CREATE TABLE `location_col` (
  `id` int(5) NOT NULL,
  `row_id` int(5) NOT NULL,
  `name` varchar(50) NOT NULL,
  `detail` varchar(50) NOT NULL,
  `status` int(1) NOT NULL DEFAULT '1'
) ENGINE=InnoDB DEFAULT CHARSET=utf8;

--
-- Dumping data for table `location_col`
--

INSERT INTO `location_col` (`id`, `row_id`, `name`, `detail`, `status`) VALUES
(1, 1, 'COL#1', 'COL#1', 1),
(2, 1, 'COL#2', 'COL#2', 1),
(3, 1, 'COL#3', 'COL#3', 1),
(4, 3, '#COL#1ROW#1CTN#1R#2W#2', '#COL#1ROW#1CTN#1R#2W#2', 1);

-- --------------------------------------------------------

--
-- Table structure for table `location_ctn`
--

CREATE TABLE `location_ctn` (
  `id` int(5) NOT NULL,
  `road_id` int(5) NOT NULL,
  `name` varchar(50) NOT NULL,
  `detail` varchar(50) NOT NULL,
  `status` int(1) NOT NULL DEFAULT '1'
) ENGINE=InnoDB DEFAULT CHARSET=utf8;

--
-- Dumping data for table `location_ctn`
--

INSERT INTO `location_ctn` (`id`, `road_id`, `name`, `detail`, `status`) VALUES
(1, 1, 'CTN#1', 'CTN#1', 1),
(2, 1, 'CTN#2', 'CTN#2', 1),
(3, 3, 'CTN#1R#1W#2', 'CTN#1R#1W#2', 1),
(4, 2, 'CTN#1R#2W#1', 'CTN#1R#2W#1', 1),
(5, 4, 'CTN#1R#2W#2', 'CTN#1R#2W#2', 1);

-- --------------------------------------------------------

--
-- Table structure for table `location_road`
--

CREATE TABLE `location_road` (
  `id` int(5) NOT NULL,
  `location_id` int(11) NOT NULL,
  `name` varchar(50) NOT NULL,
  `detail` varchar(50) NOT NULL,
  `status` int(1) NOT NULL DEFAULT '1'
) ENGINE=InnoDB DEFAULT CHARSET=utf8;

--
-- Dumping data for table `location_road`
--

INSERT INTO `location_road` (`id`, `location_id`, `name`, `detail`, `status`) VALUES
(1, 1, 'Road#1', 'Road#1', 1),
(2, 1, 'Road#2', 'Road#2', 1),
(3, 2, 'Road#1W#2', 'Road#1W#2', 1),
(4, 2, 'Road#2W#2', 'Road#2W#2', 1);

-- --------------------------------------------------------

--
-- Table structure for table `location_row`
--

CREATE TABLE `location_row` (
  `id` int(5) NOT NULL,
  `ctn_id` int(5) NOT NULL,
  `name` varchar(50) NOT NULL,
  `detail` varchar(50) NOT NULL,
  `status` int(1) NOT NULL DEFAULT '1'
) ENGINE=InnoDB DEFAULT CHARSET=utf8;

--
-- Dumping data for table `location_row`
--

INSERT INTO `location_row` (`id`, `ctn_id`, `name`, `detail`, `status`) VALUES
(1, 1, 'ROW#1', 'ROW#1', 1),
(2, 1, 'ROW#2', 'ROW#2', 1),
(3, 4, 'ROW#1CTN#1R#2W#2', 'ROW#1CTN#1R#2W#2', 1),
(4, 3, 'ROW#1CTN#1R#1W#2', 'ROW#1CTN#1R#1W#2', 1),
(5, 5, 'ROW#1CTN#1R#2W#2', 'ROW#1CTN#1R#2W#2', 1);

-- --------------------------------------------------------

--
-- Table structure for table `logs`
--

CREATE TABLE `logs` (
  `id` int(5) NOT NULL,
  `action` varchar(50) NOT NULL,
  `dating` varchar(50) NOT NULL,
  `uid` int(5) NOT NULL
) ENGINE=InnoDB DEFAULT CHARSET=utf8;

--
-- Dumping data for table `logs`
--

INSERT INTO `logs` (`id`, `action`, `dating`, `uid`) VALUES
(1, 'logout', '1729918710', 1),
(2, 'cannot login', '1729918713', 0),
(3, 'login', '1729918718', 1),
(4, 'logout', '1729922002', 1),
(5, 'login', '1729922006', 1),
(6, 'logout', '1729923904', 1),
(7, 'login', '1729923912', 2),
(8, 'logout', '1729924501', 2),
(9, 'login', '1729924511', 1),
(10, 'logout', '1729927075', 1),
(11, 'login', '1729927091', 2),
(12, 'logout', '1729927187', 2),
(13, 'login', '1729927192', 1),
(14, 'logout', '1729927225', 1),
(15, 'cannot login', '1729927243', 0),
(16, 'login', '1729927255', 2),
(17, 'logout', '1729927437', 2),
(18, 'login', '1729927442', 1),
(19, 'logout', '1729927448', 1),
(20, 'login', '1729927456', 2),
(21, 'logout', '1729927578', 2),
(22, 'login', '1729927584', 2),
(23, 'logout', '1729927733', 2),
(24, 'login', '1729927738', 2),
(25, 'logout', '1729928395', 2),
(26, 'login', '1729928403', 1),
(27, 'logout', '1729928884', 1),
(28, 'login', '1729928904', 1),
(29, 'logout', '1729928950', 1),
(30, 'login', '1729928955', 1),
(31, 'logout', '1729934667', 1),
(32, 'login', '1729934674', 1),
(33, 'logout', '1729954981', 1),
(34, 'login', '1729955114', 1),
(35, 'logout', '1730015150', 1),
(36, 'login', '1730015154', 1),
(37, 'logout', '1730029272', 1),
(38, 'login', '1730029275', 1),
(39, 'logout', '1730032055', 1),
(40, 'login', '1730088358', 1),
(41, 'logout', '1730089025', 1),
(42, 'login', '1730089646', 1),
(43, 'logout', '1730101199', 1),
(44, 'login', '1730101205', 1),
(45, 'login', '1730165758', 1),
(46, 'Add PR #3', '1730171047', 1),
(47, 'Approve PR#3', '1730171857', 1),
(48, 'Add Receive #2', '1730171890', 1),
(49, 'Approve PR#2', '1730172045', 1),
(50, 'Add PO #3', '1730172051', 1),
(51, 'Add PR #4', '1730175760', 1),
(52, 'Approve PR#4', '1730175913', 1),
(53, 'Add PO #4', '1730175919', 1),
(54, 'Approve PO#4', '1730175959', 1),
(55, 'Add Receive #3', '1730175968', 1),
(56, 'Approve Receive#3', '1730175984', 1),
(57, 'Add Receive #4', '1730176047', 1),
(58, 'Approve Receive#4', '1730176223', 1),
(59, 'Add PR #5', '1730176526', 1),
(60, 'Approve PR#5', '1730176528', 1),
(61, 'Add PO #5', '1730176535', 1),
(62, 'Approve PO#5', '1730176537', 1),
(63, 'Add Receive #5', '1730176543', 1),
(64, 'Approve Receive#5', '1730176544', 1),
(65, 'Add PR #6', '1730176970', 1),
(66, 'Approve PR#6', '1730176975', 1),
(67, 'Add PO #6', '1730176982', 1),
(68, 'Approve PO#6', '1730176983', 1),
(69, 'Add Receive #6', '1730176994', 1),
(70, 'Approve Receive#6', '1730177240', 1),
(71, 'Edit Receive #6', '1730177310', 1),
(72, 'Add PR #7', '1730177910', 1),
(73, 'Approve PR#7', '1730177912', 1),
(74, 'Add PO #7', '1730177919', 1),
(75, 'Approve PO#7', '1730177921', 1),
(76, 'Add Receive #7', '1730177925', 1),
(77, 'Approve Receive#7', '1730177928', 1),
(78, 'Add PR #8', '1730180019', 1),
(79, 'Approve PR#8', '1730180021', 1),
(80, 'Add PO #8', '1730180034', 1),
(81, 'Approve PO#8', '1730180036', 1),
(82, 'Add Receive #8', '1730181138', 1),
(83, 'Approve Receive#8', '1730181168', 1),
(84, 'Add PR #1', '1730188751', 1),
(85, 'Add PR #2', '1730188762', 1),
(86, 'Add PR #3', '1730188773', 1),
(87, 'Approve PR#1', '1730188777', 1),
(88, 'Approve PR#2', '1730188778', 1),
(89, 'Approve PR#3', '1730188779', 1),
(90, 'Add PO #1', '1730188786', 1),
(91, 'Add PO #2', '1730188791', 1),
(92, 'Add PO #3', '1730188795', 1),
(93, 'Approve PO#1', '1730188796', 1),
(94, 'Approve PO#2', '1730188798', 1),
(95, 'Approve PO#3', '1730188798', 1),
(96, 'Add Receive #1', '1730188842', 1),
(97, 'Add Receive #2', '1730188852', 1),
(98, 'Add Receive #3', '1730188861', 1),
(99, 'Approve Receive#1', '1730188863', 1),
(100, 'Approve Receive#2', '1730188865', 1),
(101, 'Approve Receive#3', '1730188866', 1),
(102, 'Add Production #1', '1730190475', 1),
(103, 'Add Production #2', '1730192021', 1),
(104, 'Approve production#1', '1730192600', 1),
(105, 'Approve production#1', '1730192623', 1),
(106, 'Approve production#1', '1730192748', 1),
(107, 'Approve production#1', '1730192862', 1),
(108, 'Approve production#1', '1730192946', 1),
(109, 'Approve production#2', '1730198613', 1),
(110, 'Add PR #4', '1730199486', 1),
(111, 'Approve PR#4', '1730199489', 1),
(112, 'Add PO #4', '1730199504', 1),
(113, 'Approve PO#4', '1730199508', 1),
(114, 'Add PR #5', '1730199618', 1),
(115, 'Approve PR#5', '1730199619', 1),
(116, 'Add PO #5', '1730199626', 1),
(117, 'Approve PO#5', '1730199628', 1),
(118, 'Add Receive #4', '1730199671', 1),
(119, 'Approve Receive#4', '1730199674', 1),
(120, 'Add Receive #5', '1730199889', 1),
(121, 'Approve Receive#5', '1730199891', 1),
(122, 'Add PR #6', '1730212912', 1),
(123, 'Approve PR#6', '1730212914', 1),
(124, 'Add PO #6', '1730212924', 1),
(125, 'Approve PO#6', '1730212926', 1),
(126, 'cannot login', '1730222853', 0),
(127, 'cannot login', '1730222855', 0),
(128, 'cannot login', '1730222856', 0),
(129, 'cannot login', '1730222865', 0),
(130, 'cannot login', '1730222872', 0),
(131, 'login', '1730223071', 1),
(132, 'login', '1730223247', 1),
(133, 'login', '1730231636', 1),
(134, 'login', '1730254153', 1),
(135, 'login', '1730254546', 1),
(136, 'Add PR #7', '1730257996', 1),
(137, 'Approve PR#7', '1730258001', 1),
(138, 'Add PO #7', '1730258108', 1),
(139, 'Approve PO#7', '1730258110', 1),
(140, 'Add Receive #6', '1730258179', 1),
(141, 'Approve Receive#6', '1730258182', 1),
(142, 'Add PR #8', '1730258345', 1),
(143, 'Approve PR#8', '1730258348', 1),
(144, 'Add PO #8', '1730258368', 1),
(145, 'Add PR #9', '1730258428', 1),
(146, 'Approve PR#9', '1730258433', 1),
(147, 'Add PO #9', '1730258440', 1),
(148, 'Approve PO#9', '1730258446', 1),
(149, 'Add Receive #7', '1730258464', 1),
(150, 'Edit Receive #7', '1730258496', 1),
(151, 'Approve Receive#7', '1730258504', 1),
(152, 'Edit Receive #7', '1730258557', 1),
(153, 'Add Production #3', '1730258684', 1),
(154, 'Add Receive #8', '1730261080', 1),
(155, 'Approve Receive#8', '1730261404', 1),
(156, 'Add Receive #9', '1730261654', 1),
(157, 'Approve Receive#9', '1730261952', 1),
(158, 'Approve Receive#9', '1730262043', 1),
(159, 'Approve production#3', '1730262067', 1),
(160, 'Add Receive #10', '1730262085', 1),
(161, 'Approve Receive#10', '1730262131', 1),
(162, 'logout', '1730271117', 4),
(163, 'login', '1730275161', 1),
(164, 'Add Receive #11', '1730284168', 1),
(165, 'logout', '1730303648', 1),
(166, 'login', '1730303653', 1),
(167, 'logout', '1733929560', 9),
(168, 'login', '1733929568', 1),
(169, 'Approve Receive#11', '1733929600', 1),
(170, 'Add PR #10', '1733929636', 1),
(171, 'Approve PR#10', '1733929639', 1),
(172, 'Add PO #10', '1733929646', 1),
(173, 'Approve PO#10', '1733929649', 1),
(174, 'Add Receive #12', '1733929657', 1),
(175, 'Approve Receive#12', '1733929667', 1),
(176, 'logout', '1734446778', 9),
(177, 'login', '1734446782', 1),
(178, 'logout', '1734455064', 9),
(179, 'logout', '1734459360', 9),
(180, 'login', '1734459365', 1),
(181, 'logout', '1735896691', 9),
(182, 'login', '1735896697', 1),
(183, 'logout', '1736068351', 9),
(184, 'login', '1736068357', 1),
(185, 'login', '1736089037', 1),
(186, 'Add Production #4', '1736089132', 1),
(187, 'Approve production#4', '1736089179', 1),
(188, 'Add Receive #13', '1736089308', 1),
(189, 'Add Receive #14', '1736089326', 1),
(190, 'Approve Receive#14', '1736089337', 1),
(191, 'cannot login', '1736394433', 0),
(192, 'cannot login', '1736394437', 0),
(193, 'cannot login', '1736394439', 0),
(194, 'cannot login', '1736394442', 0),
(195, 'login', '1736394444', 1),
(196, 'login', '1736397444', 1),
(197, 'Payroll Month#1', '1736405923', 1),
(198, 'Payroll Month#1', '1736406038', 1),
(199, 'cannot login', '1736408403', 0),
(200, 'login', '1736408407', 1),
(201, 'login', '1736416746', 1),
(202, 'logout', '1736417123', 1),
(203, 'logout', '1736417339', 1),
(204, 'login', '1736417343', 1),
(205, 'login', '1736432772', 1),
(206, 'logout', '1736437602', 1),
(207, 'Approve PO#8', '1736494206', 1),
(208, 'Add Receive #15', '1736494315', 1),
(209, 'Approve Receive#15', '1736494480', 1),
(210, 'In-Active Payment#10', '1736494956', 1),
(211, 'login', '1736495533', 1),
(212, 'login', '1736495823', 1),
(213, 'login', '1736495868', 1),
(214, 'Add PR #11', '1736496835', 1),
(215, 'Approve PR#11', '1736496839', 1),
(216, 'Add PO #11', '1736496853', 1),
(217, 'Add PR #12', '1736496910', 1),
(218, 'Approve PR#12', '1736496911', 1),
(219, 'Add PO #12', '1736496928', 1),
(220, 'Add PR #13', '1736496987', 1),
(221, 'Approve PR#13', '1736496989', 1),
(222, 'Approve PO#12', '1736497502', 1),
(223, 'Add Receive #16', '1736497531', 1),
(224, 'In-Active Receive#13', '1736497537', 1),
(225, 'Approve Receive#16', '1736497544', 1),
(226, 'Add PR #14', '1736497582', 1),
(227, 'Approve PR#14', '1736497586', 1),
(228, 'Add PO #13', '1736497597', 1),
(229, 'Approve PO#13', '1736497604', 1),
(230, 'Add Receive #17', '1736497615', 1),
(231, 'Approve PO#11', '1736497688', 1),
(232, 'Add Receive #18', '1736497694', 1),
(233, 'Approve Receive#18', '1736497704', 1),
(234, 'Approve Receive#17', '1736498489', 1),
(235, 'Payroll Month#1', '1736499063', 1),
(236, 'Payroll Month#2', '1736504737', 1),
(237, 'logout', '1737187490', 3),
(238, 'login', '1737187494', 3),
(239, 'cannot login', '1737190510', 0),
(240, 'logout', '1737362218', 1),
(241, 'login', '1737362288', 1);

-- --------------------------------------------------------

--
-- Table structure for table `payment`
--

CREATE TABLE `payment` (
  `id` int(5) NOT NULL,
  `typ` int(1) NOT NULL COMMENT '1=>Purchase\r\n2=>payroll\r\n3=>Other',
  `ref_id` int(5) NOT NULL,
  `supplier_id` int(5) NOT NULL,
  `uid` int(5) NOT NULL,
  `detail` varchar(50) NOT NULL,
  `uaid` int(5) NOT NULL,
  `app_id` int(11) NOT NULL,
  `value` decimal(10,2) NOT NULL,
  `date` date NOT NULL,
  `adate` date NOT NULL,
  `status` int(1) NOT NULL DEFAULT '1'
) ENGINE=InnoDB DEFAULT CHARSET=utf8;

--
-- Dumping data for table `payment`
--

INSERT INTO `payment` (`id`, `typ`, `ref_id`, `supplier_id`, `uid`, `detail`, `uaid`, `app_id`, `value`, `date`, `adate`, `status`) VALUES
(1, 1, 1, 1, 1, 'Reference From Receive #1', 1, 0, '0.00', '2024-10-29', '0000-00-00', 2),
(2, 1, 2, 1, 1, 'Reference From Receive #2', 1, 0, '0.00', '2024-10-29', '0000-00-00', 2),
(3, 1, 3, 1, 1, 'Reference From Receive #3', 1, 0, '0.00', '2024-10-29', '0000-00-00', 2),
(4, 1, 4, 1, 1, 'Reference From Receive #4', 1, 0, '0.00', '2024-10-29', '0000-00-00', 2),
(5, 1, 5, 1, 1, 'Reference From Receive #5', 1, 0, '0.00', '2024-10-29', '0000-00-00', 2),
(6, 1, 6, 1, 1, 'Reference From Receive #6', 0, 0, '0.00', '2024-10-30', '0000-00-00', 1),
(7, 1, 7, 1, 1, 'Reference From Receive #7', 0, 0, '0.00', '2024-10-30', '0000-00-00', 1),
(8, 1, 8, 0, 1, 'Reference From Receive #8', 0, 0, '0.00', '2024-10-30', '0000-00-00', 1),
(9, 1, 12, 5, 1, 'Reference From Receive #12', 0, 0, '0.00', '2024-12-11', '0000-00-00', 1),
(10, 1, 14, 1, 1, 'Reference From Receive #14', 0, 0, '0.00', '2025-01-05', '0000-00-00', 0),
(11, 1, 15, 1, 1, 'Reference From Receive #15', 0, 0, '0.00', '2025-01-10', '0000-00-00', 1),
(12, 1, 16, 8, 1, 'Reference From Receive #16', 0, 0, '0.00', '2025-01-10', '0000-00-00', 1),
(13, 1, 18, 4, 1, 'Reference From Receive #18', 0, 0, '0.00', '2025-01-10', '0000-00-00', 1),
(14, 1, 17, 7, 1, 'Reference From Receive #17', 0, 0, '0.00', '2025-01-10', '0000-00-00', 1),
(15, 2, 1, 0, 1, 'Reference From Payroll Month#1', 0, 0, '0.00', '2025-01-10', '0000-00-00', 1),
(16, 2, 2, 0, 1, 'Reference From Payroll Month#2', 0, 0, '0.00', '2025-01-10', '0000-00-00', 1);

-- --------------------------------------------------------

--
-- Table structure for table `payroll`
--

CREATE TABLE `payroll` (
  `id` int(5) NOT NULL,
  `emp_id` int(5) NOT NULL,
  `salary` decimal(10,2) NOT NULL,
  `year` int(5) NOT NULL,
  `status` int(1) NOT NULL DEFAULT '1'
) ENGINE=InnoDB DEFAULT CHARSET=utf8mb4;

--
-- Dumping data for table `payroll`
--

INSERT INTO `payroll` (`id`, `emp_id`, `salary`, `year`, `status`) VALUES
(1, 1, '35120.00', 2025, 1),
(2, 2, '30120.00', 2025, 1),
(3, 3, '32750.00', 2025, 1),
(4, 4, '29870.00', 2025, 1),
(5, 5, '29540.00', 2025, 1),
(6, 6, '25600.00', 2025, 1),
(7, 7, '24510.00', 2025, 1),
(8, 8, '1000000.00', 2025, 1),
(9, 9, '26980.00', 2025, 1);

-- --------------------------------------------------------

--
-- Table structure for table `po`
--

CREATE TABLE `po` (
  `id` int(5) NOT NULL,
  `pr_id` int(5) NOT NULL,
  `supplier_id` int(5) NOT NULL,
  `uid` int(5) NOT NULL,
  `uaid` int(5) NOT NULL,
  `date` date NOT NULL,
  `adate` date NOT NULL,
  `status` int(1) NOT NULL DEFAULT '1'
) ENGINE=InnoDB DEFAULT CHARSET=utf8;

--
-- Dumping data for table `po`
--

INSERT INTO `po` (`id`, `pr_id`, `supplier_id`, `uid`, `uaid`, `date`, `adate`, `status`) VALUES
(1, 1, 1, 1, 1, '2024-10-29', '0000-00-00', 2),
(2, 2, 1, 1, 1, '2024-10-29', '0000-00-00', 2),
(3, 3, 1, 1, 1, '2024-10-29', '0000-00-00', 2),
(4, 4, 1, 1, 1, '2024-10-29', '0000-00-00', 2),
(5, 5, 1, 1, 1, '2024-10-29', '0000-00-00', 2),
(6, 6, 1, 1, 1, '2024-10-29', '0000-00-00', 2),
(7, 7, 1, 1, 1, '2024-10-30', '0000-00-00', 2),
(8, 8, 1, 1, 1, '2024-10-30', '2025-01-10', 2),
(9, 9, 1, 1, 1, '2024-10-30', '0000-00-00', 2),
(10, 10, 5, 1, 1, '2024-12-11', '0000-00-00', 2),
(11, 11, 4, 1, 1, '2025-01-10', '2025-01-10', 2),
(12, 12, 8, 1, 1, '2025-01-10', '2025-01-10', 2),
(13, 14, 4, 1, 1, '2025-01-10', '2025-01-10', 2),
(14, 15, 1, 1, 1, '2025-01-16', '2025-01-16', 2),
(15, 13, 7, 1, 1, '2025-01-10', '2025-01-20', 2);

-- --------------------------------------------------------

--
-- Table structure for table `po_detail`
--

CREATE TABLE `po_detail` (
  `id` int(5) NOT NULL,
  `po_id` int(5) NOT NULL,
  `inventory_id` int(5) NOT NULL,
  `unit_price` decimal(10,2) NOT NULL,
  `num` int(5) NOT NULL,
  `status` int(1) NOT NULL DEFAULT '1'
) ENGINE=InnoDB DEFAULT CHARSET=utf8;

--
-- Dumping data for table `po_detail`
--

INSERT INTO `po_detail` (`id`, `po_id`, `inventory_id`, `unit_price`, `num`, `status`) VALUES
(1, 1, 1, '35.00', 100, 1),
(2, 1, 2, '450.00', 100, 1),
(3, 1, 3, '5.00', 100, 1),
(4, 2, 1, '30.00', 100, 1),
(5, 2, 2, '500.00', 100, 1),
(6, 2, 3, '10.00', 100, 1),
(7, 3, 1, '25.00', 100, 1),
(8, 3, 2, '450.00', 100, 1),
(9, 3, 3, '8.00', 100, 1),
(10, 4, 2, '500.00', 11, 1),
(11, 5, 3, '10.00', 100, 1),
(12, 7, 2, '500.00', 100, 1),
(13, 8, 1, '30.00', 50, 1),
(14, 9, 1, '20.00', 50, 1),
(15, 10, 1, '30.00', 200, 1),
(16, 10, 3, '10.00', 400, 1),
(17, 11, 1, '30.00', 100, 1),
(18, 11, 2, '500.00', 100, 1),
(19, 12, 1, '30.00', 200, 1),
(20, 13, 1, '30.00', 50, 1),
(21, 13, 2, '500.00', 20, 1),
(22, 0, 13, '255.00', 55, 1),
(23, 14, 13, '255.00', 55, 1),
(24, 15, 2, '500.00', 100, 1);

-- --------------------------------------------------------

--
-- Table structure for table `pr`
--

CREATE TABLE `pr` (
  `id` int(5) NOT NULL,
  `supplier_id` int(5) NOT NULL,
  `uid` int(5) NOT NULL,
  `uaid` int(5) NOT NULL,
  `date` date NOT NULL,
  `adate` date NOT NULL,
  `status` int(1) NOT NULL DEFAULT '1'
) ENGINE=InnoDB DEFAULT CHARSET=utf8;

--
-- Dumping data for table `pr`
--

INSERT INTO `pr` (`id`, `supplier_id`, `uid`, `uaid`, `date`, `adate`, `status`) VALUES
(1, 1, 1, 1, '2024-10-29', '0000-00-00', 2),
(2, 1, 1, 1, '2024-10-29', '0000-00-00', 2),
(3, 1, 1, 1, '2024-10-29', '0000-00-00', 2),
(4, 1, 1, 1, '2024-10-29', '0000-00-00', 2),
(5, 1, 1, 1, '2024-10-29', '0000-00-00', 2),
(6, 1, 1, 1, '2024-10-29', '0000-00-00', 2),
(7, 1, 1, 1, '2024-10-30', '0000-00-00', 2),
(8, 1, 1, 1, '2024-10-30', '0000-00-00', 2),
(9, 1, 1, 1, '2024-10-30', '0000-00-00', 2),
(10, 5, 1, 1, '2024-12-11', '0000-00-00', 2),
(11, 4, 1, 1, '2025-01-10', '2025-01-10', 2),
(12, 8, 1, 1, '2025-01-10', '2025-01-10', 2),
(13, 7, 1, 1, '2025-01-10', '2025-01-10', 2),
(14, 4, 1, 1, '2025-01-10', '2025-01-10', 2),
(15, 1, 1, 1, '2025-01-16', '2025-01-16', 2),
(16, 1, 1, 0, '2025-01-17', '0000-00-00', 1);

-- --------------------------------------------------------

--
-- Table structure for table `production`
--

CREATE TABLE `production` (
  `id` int(5) NOT NULL,
  `date` date NOT NULL,
  `batch_id` int(5) NOT NULL,
  `uid` int(5) NOT NULL,
  `detail` varchar(50) NOT NULL,
  `adate` date NOT NULL,
  `uaid` int(5) NOT NULL,
  `status` int(1) NOT NULL DEFAULT '1'
) ENGINE=InnoDB DEFAULT CHARSET=utf8;

--
-- Dumping data for table `production`
--

INSERT INTO `production` (`id`, `date`, `batch_id`, `uid`, `detail`, `adate`, `uaid`, `status`) VALUES
(1, '2025-01-19', 1, 1, '', '2025-01-20', 1, 2),
(2, '2025-01-20', 2, 1, '', '2025-01-20', 1, 3),
(3, '2025-01-20', 3, 1, '', '0000-00-00', 0, 1);

-- --------------------------------------------------------

--
-- Table structure for table `production_detail`
--

CREATE TABLE `production_detail` (
  `id` int(5) NOT NULL,
  `prod_id` int(5) NOT NULL,
  `inventory_id` int(5) NOT NULL,
  `typ` int(5) NOT NULL,
  `num` int(5) NOT NULL,
  `loss` int(5) NOT NULL,
  `detail` varchar(255) NOT NULL,
  `status` int(1) NOT NULL DEFAULT '1'
) ENGINE=InnoDB DEFAULT CHARSET=utf8;

--
-- Dumping data for table `production_detail`
--

INSERT INTO `production_detail` (`id`, `prod_id`, `inventory_id`, `typ`, `num`, `loss`, `detail`, `status`) VALUES
(1, 1, 14, 1, 200, 0, '', 1),
(2, 2, 14, 1, 300, 0, '', 1),
(3, 3, 14, 1, 2000, 0, '', 1),
(4, 3, 3, 3, 20, 0, '', 1);

-- --------------------------------------------------------

--
-- Table structure for table `pr_detail`
--

CREATE TABLE `pr_detail` (
  `id` int(5) NOT NULL,
  `pr_id` int(5) NOT NULL,
  `inventory_id` int(5) NOT NULL,
  `unit_price` decimal(10,2) NOT NULL,
  `num` int(5) NOT NULL,
  `status` int(1) NOT NULL DEFAULT '1'
) ENGINE=InnoDB DEFAULT CHARSET=utf8;

--
-- Dumping data for table `pr_detail`
--

INSERT INTO `pr_detail` (`id`, `pr_id`, `inventory_id`, `unit_price`, `num`, `status`) VALUES
(1, 1, 1, '35.00', 100, 1),
(2, 1, 2, '450.00', 100, 1),
(3, 1, 3, '5.00', 100, 1),
(4, 2, 1, '30.00', 100, 1),
(5, 2, 2, '500.00', 100, 1),
(6, 2, 3, '10.00', 100, 1),
(7, 3, 1, '25.00', 100, 1),
(8, 3, 2, '450.00', 100, 1),
(9, 3, 3, '8.00', 100, 1),
(10, 4, 2, '500.00', 11, 1),
(11, 5, 3, '10.00', 100, 1),
(12, 7, 2, '500.00', 100, 1),
(13, 8, 1, '30.00', 50, 1),
(14, 9, 1, '20.00', 50, 1),
(15, 10, 1, '30.00', 200, 1),
(16, 10, 3, '10.00', 400, 1),
(17, 11, 1, '30.00', 100, 1),
(18, 11, 2, '500.00', 100, 1),
(19, 12, 1, '30.00', 200, 1),
(20, 13, 2, '500.00', 100, 1),
(21, 14, 1, '30.00', 50, 1),
(22, 14, 2, '500.00', 20, 1),
(25, 15, 13, '255.00', 50, 0),
(26, 15, 13, '255.00', 55, 1),
(27, 16, 1, '0.00', 1, 1);

-- --------------------------------------------------------

--
-- Table structure for table `quotation`
--

CREATE TABLE `quotation` (
  `id` int(5) NOT NULL,
  `uid` int(5) NOT NULL,
  `customer_id` int(5) NOT NULL,
  `uaid` int(5) NOT NULL,
  `date` date NOT NULL,
  `adate` date NOT NULL,
  `status` int(1) NOT NULL DEFAULT '1'
) ENGINE=InnoDB DEFAULT CHARSET=utf8mb4;

--
-- Dumping data for table `quotation`
--

INSERT INTO `quotation` (`id`, `uid`, `customer_id`, `uaid`, `date`, `adate`, `status`) VALUES
(1, 1, 1, 0, '0000-00-00', '0000-00-00', 1);

-- --------------------------------------------------------

--
-- Table structure for table `quotation_detail`
--

CREATE TABLE `quotation_detail` (
  `id` int(5) NOT NULL,
  `quotation_id` int(5) NOT NULL,
  `inventory _id` int(5) NOT NULL,
  `unit_price` decimal(10,2) NOT NULL,
  `num` int(5) NOT NULL,
  `status` int(1) NOT NULL DEFAULT '1'
) ENGINE=InnoDB DEFAULT CHARSET=utf8mb4;

-- --------------------------------------------------------

--
-- Table structure for table `recieve`
--

CREATE TABLE `recieve` (
  `id` int(5) NOT NULL,
  `rec_typ` int(1) NOT NULL DEFAULT '1',
  `po_id` int(5) NOT NULL,
  `supplier_id` int(5) NOT NULL,
  `uid` int(5) NOT NULL,
  `uaid` int(5) NOT NULL,
  `date` date NOT NULL,
  `adate` date NOT NULL,
  `status` int(1) NOT NULL DEFAULT '1'
) ENGINE=InnoDB DEFAULT CHARSET=utf8;

--
-- Dumping data for table `recieve`
--

INSERT INTO `recieve` (`id`, `rec_typ`, `po_id`, `supplier_id`, `uid`, `uaid`, `date`, `adate`, `status`) VALUES
(1, 1, 1, 1, 1, 1, '2024-10-29', '0000-00-00', 2),
(2, 1, 2, 1, 1, 1, '2024-10-29', '0000-00-00', 2),
(3, 1, 3, 1, 1, 1, '2024-10-29', '0000-00-00', 2),
(4, 1, 4, 1, 1, 1, '2024-10-29', '0000-00-00', 2),
(5, 1, 5, 1, 1, 1, '2024-10-29', '0000-00-00', 2),
(6, 1, 7, 1, 1, 1, '2024-10-30', '0000-00-00', 2),
(7, 1, 9, 1, 1, 1, '2024-10-30', '0000-00-00', 2),
(9, 2, 1, 0, 1, 1, '0000-00-00', '0000-00-00', 2),
(10, 2, 3, 0, 1, 1, '0000-00-00', '0000-00-00', 2),
(11, 2, 2, 0, 1, 1, '0000-00-00', '0000-00-00', 2),
(12, 1, 10, 5, 1, 1, '2024-12-11', '0000-00-00', 2),
(13, 2, 4, 0, 1, 0, '0000-00-00', '0000-00-00', 0),
(14, 1, 6, 1, 1, 1, '2024-10-29', '0000-00-00', 2),
(15, 1, 8, 1, 1, 1, '2024-10-30', '2025-01-10', 2),
(16, 1, 12, 8, 1, 1, '2025-01-10', '2025-01-10', 2),
(17, 1, 13, 7, 1, 1, '2025-01-10', '2025-01-10', 2),
(18, 1, 11, 4, 1, 1, '2025-01-10', '2025-01-10', 2),
(19, 1, 14, 4, 1, 1, '2025-01-10', '2025-01-20', 2);

-- --------------------------------------------------------

--
-- Table structure for table `recieve_detail`
--

CREATE TABLE `recieve_detail` (
  `id` int(5) NOT NULL,
  `recieve_id` int(5) NOT NULL,
  `inventory_id` int(5) NOT NULL,
  `unit_price` decimal(10,2) NOT NULL,
  `num` int(5) NOT NULL,
  `location_id` int(5) NOT NULL,
  `location_col_id` int(5) NOT NULL,
  `status` int(1) NOT NULL DEFAULT '1'
) ENGINE=InnoDB DEFAULT CHARSET=utf8;

--
-- Dumping data for table `recieve_detail`
--

INSERT INTO `recieve_detail` (`id`, `recieve_id`, `inventory_id`, `unit_price`, `num`, `location_id`, `location_col_id`, `status`) VALUES
(1, 1, 1, '35.00', 100, 1, 0, 1),
(2, 1, 2, '450.00', 100, 2, 0, 1),
(3, 1, 3, '5.00', 100, 3, 0, 1),
(4, 2, 1, '30.00', 100, 1, 0, 1),
(5, 2, 2, '500.00', 100, 2, 0, 1),
(6, 2, 3, '10.00', 100, 3, 0, 1),
(7, 3, 1, '25.00', 100, 1, 0, 1),
(8, 3, 2, '450.00', 100, 2, 0, 1),
(9, 3, 3, '8.00', 100, 3, 0, 1),
(10, 4, 2, '500.00', 11, 2, 0, 1),
(11, 5, 3, '10.00', 100, 2, 0, 1),
(12, 6, 2, '500.00', 100, 1, 0, 1),
(13, 7, 1, '20.00', 50, 1, 0, 0),
(14, 7, 1, '20.00', 50, 1, 0, 0),
(15, 7, 1, '20.00', 50, 1, 0, 1),
(17, 9, 4, '1200.00', 40, 1, 0, 1),
(18, 10, 4, '1200.00', 10, 3, 0, 1),
(19, 11, 4, '1200.00', 3, 1, 0, 1),
(20, 12, 1, '30.00', 200, 0, 0, 1),
(21, 12, 3, '10.00', 400, 0, 0, 1),
(22, 15, 1, '30.00', 50, 0, 0, 1),
(23, 16, 1, '30.00', 200, 0, 0, 1),
(24, 17, 1, '30.00', 50, 0, 0, 1),
(25, 17, 2, '500.00', 20, 0, 0, 1),
(26, 18, 1, '30.00', 100, 0, 0, 1),
(27, 18, 2, '500.00', 100, 0, 0, 1),
(28, 0, 13, '255.00', 55, 0, 0, 1),
(29, 0, 13, '255.00', 55, 0, 0, 1),
(30, 19, 13, '255.00', 55, 0, 0, 1),
(31, 0, 1, '350.00', 10, 0, 1, 1);

-- --------------------------------------------------------

--
-- Table structure for table `so`
--

CREATE TABLE `so` (
  `id` int(5) NOT NULL,
  `quotation_id` int(5) NOT NULL,
  `customer_id` int(5) NOT NULL,
  `uid` int(5) NOT NULL,
  `uaid` int(5) NOT NULL,
  `date` date NOT NULL,
  `adate` date NOT NULL,
  `status` int(1) NOT NULL DEFAULT '1'
) ENGINE=InnoDB DEFAULT CHARSET=utf8mb4;

-- --------------------------------------------------------

--
-- Table structure for table `so_detail`
--

CREATE TABLE `so_detail` (
  `id` int(5) NOT NULL,
  `so_id` int(5) NOT NULL,
  `inventory _id` int(5) NOT NULL,
  `unit_price` decimal(10,2) NOT NULL,
  `num` int(5) NOT NULL,
  `status` int(1) NOT NULL DEFAULT '1'
) ENGINE=InnoDB DEFAULT CHARSET=utf8mb4;

-- --------------------------------------------------------

--
-- Table structure for table `supplier`
--

CREATE TABLE `supplier` (
  `id` int(5) NOT NULL,
  `name` varchar(50) NOT NULL,
  `address` varchar(255) NOT NULL,
  `province` varchar(50) NOT NULL,
  `zip` int(10) NOT NULL,
  `tel` varchar(10) NOT NULL,
  `mail` varchar(50) NOT NULL,
  `tax_id` varchar(10) NOT NULL,
  `status` int(1) NOT NULL DEFAULT '1'
) ENGINE=InnoDB DEFAULT CHARSET=utf8;

--
-- Dumping data for table `supplier`
--

INSERT INTO `supplier` (`id`, `name`, `address`, `province`, `zip`, `tel`, `mail`, `tax_id`, `status`) VALUES
(1, 'บริษัท กัลฟ์ เอ็นเนอร์จี ดีเวลลอปเมนท์ จำกัด', '87 อาคาร เอ็มไทย ทาวเวอร์ ออลซีซั่น เพลส ชั้น 11 ถนนวิทยุ แขวงลุมพินี เขตปทุมวัน', 'กรุงเทพมหาคร', 10330, '0999348751', 'guleng@gmail.com', '0994000162', 1),
(2, 'บริษัท ซีเอ็มโอ จำกัด', '4/18-19 ซอยนวลจันทร์ 56 แขวงนวลจันทร์ เขตบึงกุ่ม', 'กรุงเทพมหานคร', 10120, '0809042547', 'cmo@gmail.com', '0994000162', 1),
(3, 'บริษัท ซีโอแอล จำกัด', '24 ซอยอ่อนนุช 66/1 ถนนอ่อนนุช-ลาดกระบัง แขวงอ่อนนุช เขตสวนหลวง', 'กรุงเทพมหานคร', 10250, '0857567854', 'col@gmail.com', '0458700162', 1),
(4, 'บริษัท เซ็น คอร์ปอเรชั่น กรุ๊ป จำกัด', '782/1 ซอยอ่อนนุช 17 แขวงสวนหลวง เขตสวนหลวง', 'กรุงเทพมหานคร', 10250, '0248579687', 'zen@gmail.com', '0994000467', 1),
(5, 'บริษัท พีทีจี เอ็นเนอยี จำกัด', '555 ถนนวิภาวดีรังสิต แขวงจตุจักร เขตจตุจักร', 'กรุงเทพมหานคร', 10900, '0857452596', 'ptg@gmail.com', '0994000112', 1),
(6, 'บริษัท บลิส-เทล จำกัด', '12 ประชาชื่น 950 ถนนประชาชื่น แขวงวงศ์สว่าง เขตบางซื่อ', 'กรุงเทพมหานคร', 10900, '0759578574', 'blise@gmail.com', '0994785162', 1),
(7, 'SO', 'นน', '1', 10150, '00002225', '้ด้ดเ้@gmail.com', '12152', 1);

-- --------------------------------------------------------

--
-- Table structure for table `timestamp`
--

CREATE TABLE `timestamp` (
  `id` int(5) NOT NULL,
  `emp_id` int(5) NOT NULL,
  `in-out` timestamp NOT NULL DEFAULT CURRENT_TIMESTAMP ON UPDATE CURRENT_TIMESTAMP,
  `status` int(1) NOT NULL DEFAULT '1'
) ENGINE=InnoDB DEFAULT CHARSET=utf8;

--
-- Dumping data for table `timestamp`
--

INSERT INTO `timestamp` (`id`, `emp_id`, `in-out`, `status`) VALUES
(1, 1, '2025-01-09 04:33:20', 1),
(2, 1, '2025-01-09 04:33:24', 1),
(3, 3, '2025-01-10 10:24:37', 1),
(4, 6, '2025-01-10 10:24:45', 1),
(5, 3, '2025-01-10 10:24:50', 1),
(6, 3, '2025-01-10 10:25:01', 1),
(7, 1, '2025-01-10 10:40:30', 1);

-- --------------------------------------------------------

--
-- Table structure for table `uig`
--

CREATE TABLE `uig` (
  `id` int(5) NOT NULL,
  `uid` int(5) NOT NULL,
  `ugid` int(5) NOT NULL,
  `status` int(1) NOT NULL DEFAULT '1'
) ENGINE=InnoDB DEFAULT CHARSET=utf8;

--
-- Dumping data for table `uig`
--

INSERT INTO `uig` (`id`, `uid`, `ugid`, `status`) VALUES
(1, 2, 2, 0),
(2, 1, 2, 0),
(3, 1, 2, 0),
(4, 1, 2, 0),
(5, 2, 2, 0),
(6, 1, 1, 0),
(7, 1, 1, 0),
(8, 1, 1, 0),
(9, 1, 2, 0),
(10, 2, 2, 0),
(11, 1, 1, 0),
(12, 1, 1, 0),
(13, 2, 2, 1),
(14, 1, 1, 0),
(15, 1, 1, 0),
(16, 1, 1, 0),
(17, 2, 1, 0),
(18, 1, 1, 0),
(19, 1, 1, 1),
(20, 3, 1, 1);

-- --------------------------------------------------------

--
-- Table structure for table `usergroup`
--

CREATE TABLE `usergroup` (
  `id` int(5) NOT NULL,
  `name` varchar(50) NOT NULL,
  `detail` varchar(50) NOT NULL,
  `status` int(1) NOT NULL DEFAULT '1'
) ENGINE=InnoDB DEFAULT CHARSET=utf8;

--
-- Dumping data for table `usergroup`
--

INSERT INTO `usergroup` (`id`, `name`, `detail`, `status`) VALUES
(1, 'Admin', '', 1),
(2, 'Member', '', 1),
(3, 'Stock', '', 1),
(4, 'POS', '', 1),
(5, 'CRM', '', 1),
(6, 'HR', '', 1),
(7, 'Accountant', '', 1),
(8, 'Manager', '', 1),
(9, 'Guest', '', 1);

-- --------------------------------------------------------

--
-- Table structure for table `users`
--

CREATE TABLE `users` (
  `id` int(5) NOT NULL,
  `user` varchar(50) NOT NULL,
  `pass` varchar(50) NOT NULL,
  `name` varchar(50) NOT NULL,
  `surname` varchar(50) NOT NULL,
  `mail` varchar(50) NOT NULL,
  `phone` int(10) NOT NULL,
  `status` int(1) NOT NULL DEFAULT '1'
) ENGINE=InnoDB DEFAULT CHARSET=utf8;

--
-- Dumping data for table `users`
--

INSERT INTO `users` (`id`, `user`, `pass`, `name`, `surname`, `mail`, `phone`, `status`) VALUES
(1, 'admin', '89738d55262a64fef44cc9b42c82bb4f', 'Alawee', 'Usof', '', 0, 1),
(2, 'member', '89738d55262a64fef44cc9b42c82bb4f', 'Pamzaa', 'Hamster', '', 0, 1),
(3, 'admin', '388a135d0755cfac5fb8c4b176dc75b0', 'อนันดา', 'หวังดี', '', 0, 1);

-- --------------------------------------------------------

--
-- Table structure for table `withdrawn`
--

CREATE TABLE `withdrawn` (
  `id` int(5) NOT NULL,
  `so_id` int(5) NOT NULL,
  `uid` int(5) NOT NULL,
  `uaid` int(5) NOT NULL,
  `date` date NOT NULL,
  `adate` date NOT NULL,
  `wd_typ` int(5) NOT NULL,
  `status` int(1) NOT NULL DEFAULT '1'
) ENGINE=InnoDB DEFAULT CHARSET=utf8;

-- --------------------------------------------------------

--
-- Table structure for table `withdrawn_detail`
--

CREATE TABLE `withdrawn_detail` (
  `id` int(5) NOT NULL,
  `withdrawn_id` int(5) NOT NULL,
  `inventory _id` int(5) NOT NULL,
  `num` int(5) NOT NULL,
  `status` int(1) NOT NULL DEFAULT '1'
) ENGINE=InnoDB DEFAULT CHARSET=utf8mb4;

--
-- Indexes for dumped tables
--

--
-- Indexes for table `acc`
--
ALTER TABLE `acc`
  ADD PRIMARY KEY (`id`);

--
-- Indexes for table `acc_detail`
--
ALTER TABLE `acc_detail`
  ADD PRIMARY KEY (`id`);

--
-- Indexes for table `acc_typ`
--
ALTER TABLE `acc_typ`
  ADD PRIMARY KEY (`id`);

--
-- Indexes for table `acl`
--
ALTER TABLE `acl`
  ADD PRIMARY KEY (`id`);

--
-- Indexes for table `app`
--
ALTER TABLE `app`
  ADD PRIMARY KEY (`id`);

--
-- Indexes for table `batch`
--
ALTER TABLE `batch`
  ADD PRIMARY KEY (`id`);

--
-- Indexes for table `batch_detail`
--
ALTER TABLE `batch_detail`
  ADD PRIMARY KEY (`id`);

--
-- Indexes for table `company`
--
ALTER TABLE `company`
  ADD PRIMARY KEY (`id`);

--
-- Indexes for table `customer`
--
ALTER TABLE `customer`
  ADD PRIMARY KEY (`id`);

--
-- Indexes for table `employee_info`
--
ALTER TABLE `employee_info`
  ADD PRIMARY KEY (`id`);

--
-- Indexes for table `farming`
--
ALTER TABLE `farming`
  ADD PRIMARY KEY (`id`);

--
-- Indexes for table `farming_detail`
--
ALTER TABLE `farming_detail`
  ADD PRIMARY KEY (`id`);

--
-- Indexes for table `inventory`
--
ALTER TABLE `inventory`
  ADD PRIMARY KEY (`id`);

--
-- Indexes for table `inventory_cat`
--
ALTER TABLE `inventory_cat`
  ADD PRIMARY KEY (`id`);

--
-- Indexes for table `inventory_typ`
--
ALTER TABLE `inventory_typ`
  ADD PRIMARY KEY (`id`);

--
-- Indexes for table `leave_management`
--
ALTER TABLE `leave_management`
  ADD PRIMARY KEY (`id`);

--
-- Indexes for table `location`
--
ALTER TABLE `location`
  ADD PRIMARY KEY (`id`);

--
-- Indexes for table `location_col`
--
ALTER TABLE `location_col`
  ADD PRIMARY KEY (`id`);

--
-- Indexes for table `location_ctn`
--
ALTER TABLE `location_ctn`
  ADD PRIMARY KEY (`id`);

--
-- Indexes for table `location_road`
--
ALTER TABLE `location_road`
  ADD PRIMARY KEY (`id`);

--
-- Indexes for table `location_row`
--
ALTER TABLE `location_row`
  ADD PRIMARY KEY (`id`);

--
-- Indexes for table `logs`
--
ALTER TABLE `logs`
  ADD PRIMARY KEY (`id`);

--
-- Indexes for table `payment`
--
ALTER TABLE `payment`
  ADD PRIMARY KEY (`id`);

--
-- Indexes for table `payroll`
--
ALTER TABLE `payroll`
  ADD PRIMARY KEY (`id`);

--
-- Indexes for table `po`
--
ALTER TABLE `po`
  ADD PRIMARY KEY (`id`);

--
-- Indexes for table `po_detail`
--
ALTER TABLE `po_detail`
  ADD PRIMARY KEY (`id`);

--
-- Indexes for table `pr`
--
ALTER TABLE `pr`
  ADD PRIMARY KEY (`id`);

--
-- Indexes for table `production`
--
ALTER TABLE `production`
  ADD PRIMARY KEY (`id`);

--
-- Indexes for table `production_detail`
--
ALTER TABLE `production_detail`
  ADD PRIMARY KEY (`id`);

--
-- Indexes for table `pr_detail`
--
ALTER TABLE `pr_detail`
  ADD PRIMARY KEY (`id`);

--
-- Indexes for table `quotation`
--
ALTER TABLE `quotation`
  ADD PRIMARY KEY (`id`);

--
-- Indexes for table `quotation_detail`
--
ALTER TABLE `quotation_detail`
  ADD PRIMARY KEY (`id`);

--
-- Indexes for table `recieve`
--
ALTER TABLE `recieve`
  ADD PRIMARY KEY (`id`);

--
-- Indexes for table `recieve_detail`
--
ALTER TABLE `recieve_detail`
  ADD PRIMARY KEY (`id`);

--
-- Indexes for table `so`
--
ALTER TABLE `so`
  ADD PRIMARY KEY (`id`);

--
-- Indexes for table `so_detail`
--
ALTER TABLE `so_detail`
  ADD PRIMARY KEY (`id`);

--
-- Indexes for table `supplier`
--
ALTER TABLE `supplier`
  ADD PRIMARY KEY (`id`);

--
-- Indexes for table `timestamp`
--
ALTER TABLE `timestamp`
  ADD PRIMARY KEY (`id`);

--
-- Indexes for table `uig`
--
ALTER TABLE `uig`
  ADD PRIMARY KEY (`id`);

--
-- Indexes for table `usergroup`
--
ALTER TABLE `usergroup`
  ADD PRIMARY KEY (`id`);

--
-- Indexes for table `users`
--
ALTER TABLE `users`
  ADD PRIMARY KEY (`id`);

--
-- Indexes for table `withdrawn`
--
ALTER TABLE `withdrawn`
  ADD PRIMARY KEY (`id`);

--
-- Indexes for table `withdrawn_detail`
--
ALTER TABLE `withdrawn_detail`
  ADD PRIMARY KEY (`id`);

--
-- AUTO_INCREMENT for dumped tables
--

--
-- AUTO_INCREMENT for table `acc`
--
ALTER TABLE `acc`
  MODIFY `id` int(5) NOT NULL AUTO_INCREMENT, AUTO_INCREMENT=47;

--
-- AUTO_INCREMENT for table `acc_detail`
--
ALTER TABLE `acc_detail`
  MODIFY `id` int(5) NOT NULL AUTO_INCREMENT, AUTO_INCREMENT=136;

--
-- AUTO_INCREMENT for table `acc_typ`
--
ALTER TABLE `acc_typ`
  MODIFY `id` int(5) NOT NULL AUTO_INCREMENT, AUTO_INCREMENT=14;

--
-- AUTO_INCREMENT for table `acl`
--
ALTER TABLE `acl`
  MODIFY `id` int(5) NOT NULL AUTO_INCREMENT, AUTO_INCREMENT=691;

--
-- AUTO_INCREMENT for table `app`
--
ALTER TABLE `app`
  MODIFY `id` int(5) NOT NULL AUTO_INCREMENT, AUTO_INCREMENT=36;

--
-- AUTO_INCREMENT for table `batch`
--
ALTER TABLE `batch`
  MODIFY `id` int(5) NOT NULL AUTO_INCREMENT, AUTO_INCREMENT=8;

--
-- AUTO_INCREMENT for table `batch_detail`
--
ALTER TABLE `batch_detail`
  MODIFY `id` int(5) NOT NULL AUTO_INCREMENT, AUTO_INCREMENT=15;

--
-- AUTO_INCREMENT for table `company`
--
ALTER TABLE `company`
  MODIFY `id` int(5) NOT NULL AUTO_INCREMENT, AUTO_INCREMENT=2;

--
-- AUTO_INCREMENT for table `customer`
--
ALTER TABLE `customer`
  MODIFY `id` int(5) NOT NULL AUTO_INCREMENT, AUTO_INCREMENT=7;

--
-- AUTO_INCREMENT for table `employee_info`
--
ALTER TABLE `employee_info`
  MODIFY `id` int(5) NOT NULL AUTO_INCREMENT, AUTO_INCREMENT=10;

--
-- AUTO_INCREMENT for table `farming`
--
ALTER TABLE `farming`
  MODIFY `id` int(5) NOT NULL AUTO_INCREMENT, AUTO_INCREMENT=2;

--
-- AUTO_INCREMENT for table `farming_detail`
--
ALTER TABLE `farming_detail`
  MODIFY `id` int(5) NOT NULL AUTO_INCREMENT, AUTO_INCREMENT=2;

--
-- AUTO_INCREMENT for table `inventory`
--
ALTER TABLE `inventory`
  MODIFY `id` int(5) NOT NULL AUTO_INCREMENT, AUTO_INCREMENT=15;

--
-- AUTO_INCREMENT for table `inventory_cat`
--
ALTER TABLE `inventory_cat`
  MODIFY `id` int(5) NOT NULL AUTO_INCREMENT, AUTO_INCREMENT=4;

--
-- AUTO_INCREMENT for table `inventory_typ`
--
ALTER TABLE `inventory_typ`
  MODIFY `id` int(5) NOT NULL AUTO_INCREMENT, AUTO_INCREMENT=5;

--
-- AUTO_INCREMENT for table `leave_management`
--
ALTER TABLE `leave_management`
  MODIFY `id` int(5) NOT NULL AUTO_INCREMENT, AUTO_INCREMENT=3;

--
-- AUTO_INCREMENT for table `location`
--
ALTER TABLE `location`
  MODIFY `id` int(5) NOT NULL AUTO_INCREMENT, AUTO_INCREMENT=3;

--
-- AUTO_INCREMENT for table `location_col`
--
ALTER TABLE `location_col`
  MODIFY `id` int(5) NOT NULL AUTO_INCREMENT, AUTO_INCREMENT=5;

--
-- AUTO_INCREMENT for table `location_ctn`
--
ALTER TABLE `location_ctn`
  MODIFY `id` int(5) NOT NULL AUTO_INCREMENT, AUTO_INCREMENT=6;

--
-- AUTO_INCREMENT for table `location_road`
--
ALTER TABLE `location_road`
  MODIFY `id` int(5) NOT NULL AUTO_INCREMENT, AUTO_INCREMENT=5;

--
-- AUTO_INCREMENT for table `location_row`
--
ALTER TABLE `location_row`
  MODIFY `id` int(5) NOT NULL AUTO_INCREMENT, AUTO_INCREMENT=6;

--
-- AUTO_INCREMENT for table `logs`
--
ALTER TABLE `logs`
  MODIFY `id` int(5) NOT NULL AUTO_INCREMENT, AUTO_INCREMENT=242;

--
-- AUTO_INCREMENT for table `payment`
--
ALTER TABLE `payment`
  MODIFY `id` int(5) NOT NULL AUTO_INCREMENT, AUTO_INCREMENT=17;

--
-- AUTO_INCREMENT for table `payroll`
--
ALTER TABLE `payroll`
  MODIFY `id` int(5) NOT NULL AUTO_INCREMENT, AUTO_INCREMENT=10;

--
-- AUTO_INCREMENT for table `po`
--
ALTER TABLE `po`
  MODIFY `id` int(5) NOT NULL AUTO_INCREMENT, AUTO_INCREMENT=16;

--
-- AUTO_INCREMENT for table `po_detail`
--
ALTER TABLE `po_detail`
  MODIFY `id` int(5) NOT NULL AUTO_INCREMENT, AUTO_INCREMENT=25;

--
-- AUTO_INCREMENT for table `pr`
--
ALTER TABLE `pr`
  MODIFY `id` int(5) NOT NULL AUTO_INCREMENT, AUTO_INCREMENT=17;

--
-- AUTO_INCREMENT for table `production`
--
ALTER TABLE `production`
  MODIFY `id` int(5) NOT NULL AUTO_INCREMENT, AUTO_INCREMENT=4;

--
-- AUTO_INCREMENT for table `production_detail`
--
ALTER TABLE `production_detail`
  MODIFY `id` int(5) NOT NULL AUTO_INCREMENT, AUTO_INCREMENT=5;

--
-- AUTO_INCREMENT for table `pr_detail`
--
ALTER TABLE `pr_detail`
  MODIFY `id` int(5) NOT NULL AUTO_INCREMENT, AUTO_INCREMENT=28;

--
-- AUTO_INCREMENT for table `quotation`
--
ALTER TABLE `quotation`
  MODIFY `id` int(5) NOT NULL AUTO_INCREMENT, AUTO_INCREMENT=2;

--
-- AUTO_INCREMENT for table `quotation_detail`
--
ALTER TABLE `quotation_detail`
  MODIFY `id` int(5) NOT NULL AUTO_INCREMENT;

--
-- AUTO_INCREMENT for table `recieve`
--
ALTER TABLE `recieve`
  MODIFY `id` int(5) NOT NULL AUTO_INCREMENT, AUTO_INCREMENT=20;

--
-- AUTO_INCREMENT for table `recieve_detail`
--
ALTER TABLE `recieve_detail`
  MODIFY `id` int(5) NOT NULL AUTO_INCREMENT, AUTO_INCREMENT=32;

--
-- AUTO_INCREMENT for table `so`
--
ALTER TABLE `so`
  MODIFY `id` int(5) NOT NULL AUTO_INCREMENT;

--
-- AUTO_INCREMENT for table `so_detail`
--
ALTER TABLE `so_detail`
  MODIFY `id` int(5) NOT NULL AUTO_INCREMENT;

--
-- AUTO_INCREMENT for table `supplier`
--
ALTER TABLE `supplier`
  MODIFY `id` int(5) NOT NULL AUTO_INCREMENT, AUTO_INCREMENT=8;

--
-- AUTO_INCREMENT for table `timestamp`
--
ALTER TABLE `timestamp`
  MODIFY `id` int(5) NOT NULL AUTO_INCREMENT, AUTO_INCREMENT=8;

--
-- AUTO_INCREMENT for table `uig`
--
ALTER TABLE `uig`
  MODIFY `id` int(5) NOT NULL AUTO_INCREMENT, AUTO_INCREMENT=21;

--
-- AUTO_INCREMENT for table `usergroup`
--
ALTER TABLE `usergroup`
  MODIFY `id` int(5) NOT NULL AUTO_INCREMENT, AUTO_INCREMENT=10;

--
-- AUTO_INCREMENT for table `users`
--
ALTER TABLE `users`
  MODIFY `id` int(5) NOT NULL AUTO_INCREMENT, AUTO_INCREMENT=4;

--
-- AUTO_INCREMENT for table `withdrawn`
--
ALTER TABLE `withdrawn`
  MODIFY `id` int(5) NOT NULL AUTO_INCREMENT;

--
-- AUTO_INCREMENT for table `withdrawn_detail`
--
ALTER TABLE `withdrawn_detail`
  MODIFY `id` int(5) NOT NULL AUTO_INCREMENT;
COMMIT;

/*!40101 SET CHARACTER_SET_CLIENT=@OLD_CHARACTER_SET_CLIENT */;
/*!40101 SET CHARACTER_SET_RESULTS=@OLD_CHARACTER_SET_RESULTS */;
/*!40101 SET COLLATION_CONNECTION=@OLD_COLLATION_CONNECTION */;
